id,standard_smiles,cluster,syba_score,mce18,mol,mw,fsp3,n_lipinski_hba,n_lipinski_hbd,n_rings,n_hetero_atoms,n_heavy_atoms,n_rotatable_bonds,n_radical_electrons,tpsa,qed,clogp,sas,n_aliphatic_carbocycles,n_aliphatic_heterocyles,n_aliphatic_rings,n_aromatic_carbocycles,n_aromatic_heterocyles,n_aromatic_rings,n_saturated_carbocycles,n_saturated_heterocyles,n_saturated_rings
compound_1041,CSc1ccc(-c2nnnn2C2CC(=O)C3OCC2O3)cc1,1616,28.272809837813572,106.36363636363637,<rdkit.Chem.rdchem.Mol object at 0x7a94fee666c0>,303.137162164,0.15789473684210525,4.0,0.0,3.0,4.0,23.0,6.0,0.0,55.74,0.6542682197660991,3.470900000000001,2.796773160635274,0.0,0.0,0.0,0.0,3.0,3.0,0.0,0.0,0.0
compound_1139,CC(O)c1nc2ccccc2n1Cc1ccccc1F,1613,97.25354724605742,64.0,<rdkit.Chem.rdchem.Mol object at 0x7a94fee66f10>,343.097521116,0.2631578947368421,4.0,1.0,3.0,5.0,24.0,5.0,0.0,57.61000000000001,0.8444301472014893,3.5572000000000026,2.579313831281363,0.0,1.0,1.0,2.0,0.0,2.0,0.0,0.0,0.0
compound_0323,CC1CCN(C(=O)CSc2nc(=O)[nH]c3c2CCCC3)CC1,234,111.66946274335216,55.75757575757576,<rdkit.Chem.rdchem.Mol object at 0x7a94fee67c30>,337.131408088,0.2,5.0,0.0,3.0,5.0,25.0,5.0,0.0,55.84,0.7861526794887784,3.238100000000002,2.532066333098168,0.0,1.0,1.0,2.0,0.0,2.0,0.0,0.0,0.0
compound_2522,CCn1ncc(C(C#N)c2nc3ccccc3s2)c(Cl)c1=O,1612,85.31051256093005,68.0,<rdkit.Chem.rdchem.Mol object at 0x7a94fee67ca0>,281.11642672,0.3125,5.0,0.0,4.0,5.0,21.0,2.0,0.0,64.95,0.7187347623321229,3.5164000000000026,2.892353887381306,1.0,0.0,1.0,1.0,2.0,3.0,0.0,0.0,0.0
compound_0037,COc1ccc(-c2nc(-c3ccc4c(c3)OCO4)no2)cc1OC,1610,112.1174648195528,81.41666666666667,<rdkit.Chem.rdchem.Mol object at 0x7a94fee67300>,330.103813436,0.29411764705882354,5.0,1.0,3.0,6.0,23.0,5.0,0.0,58.64,0.916509635626939,2.568500000000001,2.703053333403682,0.0,1.0,1.0,1.0,1.0,2.0,0.0,0.0,0.0
compound_0466,O=C(Nc1cccc(-c2nc3ccccc3[nH]2)c1)c1cccnc1,1609,151.84031742505297,76.0,<rdkit.Chem.rdchem.Mol object at 0x7a94fee67d10>,347.130362532,0.5882352941176471,6.0,0.0,4.0,7.0,24.0,2.0,0.0,64.43,0.8246138002399229,1.4415999999999995,2.8571920622003475,1.0,1.0,2.0,0.0,2.0,2.0,0.0,1.0,1.0
compound_0827,O=C(c1cccnc1)C(CCc1ccccn1)c1ccccn1,1608,81.2245797034867,56.0,<rdkit.Chem.rdchem.Mol object at 0x7a94fee66810>,319.110295784,0.5,7.0,2.0,4.0,8.0,22.0,3.0,0.0,84.57000000000001,0.7625666367385828,1.5944999999999998,3.0347277527911523,0.0,1.0,1.0,0.0,3.0,3.0,0.0,0.0,0.0
compound_2815,Cc1cccn2cc(CNS(=O)(=O)c3cc(F)ccc3F)nc12,28,135.26063883946472,57.0,<rdkit.Chem.rdchem.Mol object at 0x7a94fee659a0>,341.09464572,0.25,7.0,0.0,4.0,8.0,24.0,4.0,0.0,74.42,0.7293228159271273,2.8657000000000004,3.044838292491794,0.0,1.0,1.0,1.0,2.0,3.0,0.0,0.0,0.0
compound_0192,c1ccc(-n2nnnc2Sc2ncnc3sccc23)cc1,1606,106.80180267169818,72.0,<rdkit.Chem.rdchem.Mol object at 0x7a94fee655b0>,328.051777864,0.0625,6.0,2.0,4.0,7.0,23.0,4.0,0.0,88.41,0.7698991760420733,2.4770000000000003,2.367227884861947,0.0,1.0,1.0,2.0,1.0,3.0,0.0,0.0,0.0
compound_2776,CCCN1C(=O)C(O)(CC(=O)c2ccccc2Cl)c2ccccc21,1601,109.36788533790704,77.25347222222223,<rdkit.Chem.rdchem.Mol object at 0x7a94fee66ff0>,266.153146576,0.375,4.0,1.0,4.0,4.0,20.0,1.0,0.0,44.81,0.7337961207907612,3.4098200000000016,2.248363774530942,0.0,1.0,1.0,1.0,2.0,3.0,0.0,1.0,1.0
compound_2912,CCOC(=O)C1=C(OC)C(=O)N(c2ccccc2)C1c1ccccc1,1598,36.61958567279052,69.13333333333333,<rdkit.Chem.rdchem.Mol object at 0x7a94fee67060>,283.14197277200003,0.7857142857142857,6.0,0.0,2.0,6.0,20.0,3.0,0.0,72.91,0.7142722250793957,0.7396999999999994,4.254150394260089,1.0,1.0,2.0,0.0,0.0,0.0,1.0,1.0,2.0
compound_2361,CC1CCc2onc(-c3nnc(-c4ccccc4)o3)c2C1,77,59.66171381019223,100.51473922902494,<rdkit.Chem.rdchem.Mol object at 0x7a94fee670d0>,339.20591042000007,0.5263157894736842,6.0,0.0,4.0,6.0,25.0,2.0,0.0,54.260000000000005,0.84264597857835,2.3379000000000003,3.0514592596776655,0.0,2.0,2.0,0.0,2.0,2.0,0.0,2.0,2.0
compound_1916,COc1ccccc1N1CCN(C(=O)c2c(C)noc2C)CC1,231,116.42315828806991,55.18840579710145,<rdkit.Chem.rdchem.Mol object at 0x7a94fee67140>,339.16952491200004,0.3333333333333333,7.0,1.0,3.0,7.0,25.0,4.0,0.0,81.81,0.7837115997245689,1.6643999999999992,2.2537492581546648,0.0,0.0,0.0,1.0,2.0,3.0,0.0,0.0,0.0
compound_0211,CCC1Oc2ccccc2N(CC(=O)NCc2cccs2)C1=O,220,109.7132809890354,65.07509881422925,<rdkit.Chem.rdchem.Mol object at 0x7a94fee671b0>,315.090686148,0.17647058823529413,5.0,2.0,3.0,6.0,23.0,4.0,0.0,75.63,0.8486105324796984,2.247,2.6147498150470394,0.0,1.0,1.0,2.0,0.0,2.0,0.0,0.0,0.0
compound_0107,CC1CCc2c(sc3ncn(CC(=O)N4CCOCC4)c(=O)c23)C1,1585,136.8380366081371,113.81481481481481,<rdkit.Chem.rdchem.Mol object at 0x7a94fee67220>,320.079490508,0.25,3.0,0.0,3.0,6.0,22.0,2.0,0.0,34.89,0.7213070920665028,3.709760000000003,2.304722587955988,0.0,0.0,0.0,1.0,2.0,3.0,0.0,0.0,0.0
compound_1727,CC1(C)Cc2c(sc3nc(NCCO)n4ncnc4c23)CO1,1582,80.14321303416571,92.0,<rdkit.Chem.rdchem.Mol object at 0x7a94fee67290>,322.13174243599997,0.21052631578947367,5.0,1.0,3.0,5.0,24.0,4.0,0.0,66.48,0.8786975418758276,2.3343999999999996,2.3537874586197827,0.0,1.0,1.0,2.0,0.0,2.0,0.0,1.0,1.0
compound_1343,COc1ccc(CN2C(=O)C3(OCCCO3)c3cccc(C)c32)cc1,1571,89.61013339172202,115.21481481481482,<rdkit.Chem.rdchem.Mol object at 0x7a94fee67ae0>,304.14230712,0.5,6.0,1.0,3.0,6.0,22.0,4.0,0.0,67.87,0.9014612120826178,1.0156199999999997,2.650244010523698,0.0,2.0,2.0,1.0,0.0,1.0,0.0,1.0,1.0
compound_0384,COc1ccc(C2CC(c3cccs3)=Nc3nnnn32)c(OC)c1,1570,84.33409086317764,102.66666666666666,<rdkit.Chem.rdchem.Mol object at 0x7a94fee67b50>,320.13722174,0.5,7.0,2.0,3.0,7.0,23.0,4.0,0.0,85.89,0.8140852378988166,1.1918999999999997,3.4699791872615764,0.0,2.0,2.0,1.0,0.0,1.0,0.0,2.0,2.0
compound_1901,O=C1Nc2ccc(S(=O)(=O)NCc3ccco3)c3cccc1c23,1564,101.06433171673469,88.0,<rdkit.Chem.rdchem.Mol object at 0x7a94fee67370>,335.14005462399996,0.5294117647058824,5.0,0.0,3.0,6.0,23.0,3.0,0.0,51.27,0.8565941305915175,3.8108400000000033,2.2466001280034185,0.0,1.0,1.0,0.0,2.0,2.0,0.0,1.0,1.0
compound_0553,NC(=O)c1c(NC(=O)c2noc3c2CCCC3)sc2c1CCCC2,24,124.68028452167292,93.52,<rdkit.Chem.rdchem.Mol object at 0x7a94fee673e0>,284.098334132,0.1875,3.0,3.0,3.0,4.0,20.0,2.0,0.0,59.14,0.7559252284308985,3.577040000000001,2.8938867234536527,0.0,0.0,0.0,1.0,2.0,3.0,0.0,0.0,0.0
compound_1017,O=C(CSc1nnc(-c2ccccc2)o1)NC1CC2CCC1C2,1560,112.46304244143012,102.86434782608696,<rdkit.Chem.rdchem.Mol object at 0x7a94fee67450>,307.09906240400005,0.5,6.0,1.0,3.0,7.0,21.0,5.0,0.0,81.16,0.8554219366193307,2.8690000000000015,2.7637078515028524,1.0,0.0,1.0,0.0,2.0,2.0,1.0,0.0,1.0
compound_1992,Cc1nnsc1C(=O)n1nc(C(F)(F)F)cc1-c1cccs1,1559,65.64636431623997,57.0,<rdkit.Chem.rdchem.Mol object at 0x7a94fee674c0>,309.10010796,0.16666666666666666,5.0,1.0,3.0,5.0,23.0,3.0,0.0,72.47,0.6985225272139651,2.609400000000001,2.4021147965559155,0.0,1.0,1.0,2.0,0.0,2.0,0.0,0.0,0.0
compound_2606,Cc1ccccc1NC(=O)C1COc2ccccc2O1,1555,93.7779229187816,62.52631578947368,<rdkit.Chem.rdchem.Mol object at 0x7a94fee67530>,336.07799261199995,0.3333333333333333,7.0,0.0,3.0,8.0,23.0,2.0,0.0,87.9,0.7458121858683093,0.5103999999999997,2.079742657589218,0.0,1.0,1.0,1.0,1.0,2.0,0.0,1.0,1.0
compound_1831,Nn1c(SCc2cn3ccccc3n2)nnc1-c1ccco1,1549,147.16700026409572,76.0,<rdkit.Chem.rdchem.Mol object at 0x7a94ffb6bed0>,336.195011388,0.45,5.0,0.0,3.0,5.0,25.0,4.0,0.0,61.92,0.8549058585054344,3.7067200000000025,2.314322308766025,0.0,1.0,1.0,1.0,1.0,2.0,0.0,1.0,1.0
compound_2821,O=C(Cn1cnc2c(cnn2-c2ccccc2)c1=O)N1CCCCC1,1543,146.42738891382123,86.0,<rdkit.Chem.rdchem.Mol object at 0x7a94ffb6be60>,327.19467704,0.5789473684210527,5.0,1.0,4.0,5.0,24.0,4.0,0.0,52.650000000000006,0.9250127522700595,2.8713000000000015,1.9092147437893505,1.0,2.0,3.0,1.0,0.0,1.0,1.0,2.0,3.0
compound_1272,Cc1ccc2c(c1)[nH]c1c(N3CCCCC3)ncnc12,22,71.62779949039633,82.9090909090909,<rdkit.Chem.rdchem.Mol object at 0x7a94ffb6bdf0>,330.157957184,0.4444444444444444,6.0,2.0,3.0,6.0,24.0,4.0,0.0,76.66000000000001,0.8324255536245027,2.8089000000000013,2.6768894948188784,1.0,1.0,2.0,1.0,0.0,1.0,1.0,0.0,1.0
compound_1526,O=C(CSc1ncnc2ccccc12)Nc1ccc2c(c1)OCO2,1541,173.18767959313118,77.41666666666667,<rdkit.Chem.rdchem.Mol object at 0x7a94ffb6bbc0>,329.11642672000005,0.05,5.0,1.0,4.0,5.0,25.0,3.0,0.0,68.02000000000001,0.6027346704971914,4.450520000000003,2.0117233120459765,0.0,0.0,0.0,2.0,2.0,4.0,0.0,0.0,0.0
compound_0254,CC(=O)Nc1ccc(OCC(O)Cn2cnc3ccccc32)cc1,51,171.78993678724535,64.0,<rdkit.Chem.rdchem.Mol object at 0x7a94ffb6ba00>,340.15354049999996,0.2777777777777778,7.0,2.0,3.0,7.0,25.0,5.0,0.0,83.56,0.8753924296929957,2.4073,2.5236216147883095,0.0,1.0,1.0,1.0,1.0,2.0,0.0,1.0,1.0
compound_0206,COC(=O)CN(C)C(=O)C12CCC(C)(C(=O)O1)C2(C)C,1537,28.536015272586347,62.31999999999999,<rdkit.Chem.rdchem.Mol object at 0x7a94ffb6bd10>,314.0822054,0.17647058823529413,4.0,1.0,3.0,5.0,22.0,3.0,0.0,50.69,0.9424598096375134,3.4921000000000015,2.8565187357984243,0.0,1.0,1.0,2.0,0.0,2.0,0.0,0.0,0.0
compound_2373,c1ccc(-c2nnc(CSc3ncnc4[nH]cnc34)o2)cc1,1532,118.517331284511,72.0,<rdkit.Chem.rdchem.Mol object at 0x7a94ffb6bc30>,322.06080126,0.375,5.0,0.0,3.0,6.0,22.0,3.0,0.0,65.74000000000001,0.6418824864749473,2.875400000000001,2.8487767433646276,1.0,0.0,1.0,1.0,1.0,2.0,0.0,0.0,0.0
compound_1371,O=C(C1COc2ccccc2O1)N1CCc2ccccc2C1,1530,94.77700917688128,101.7588932806324,<rdkit.Chem.rdchem.Mol object at 0x7a94ffb6bb50>,342.02451756000005,0.13333333333333333,6.0,0.0,5.0,8.0,23.0,2.0,0.0,61.540000000000006,0.5589380933977183,3.352500000000002,2.4882253917029313,0.0,1.0,1.0,1.0,3.0,4.0,0.0,0.0,0.0
compound_0953,CCCn1c(C(O)c2ccc(OC)cc2)nc2ccccc21,1529,114.16552679058265,64.0,<rdkit.Chem.rdchem.Mol object at 0x7a94ffb6bca0>,303.138305036,0.375,5.0,2.0,3.0,6.0,22.0,4.0,0.0,61.440000000000005,0.8943312734418055,2.076,2.875966130339366,0.0,2.0,2.0,1.0,0.0,1.0,0.0,0.0,0.0
compound_1247,CC1CCN(C(=O)c2ccc(S(=O)(=O)N3CCCC3)cc2)CC1,1526,147.46165570488867,62.869565217391305,<rdkit.Chem.rdchem.Mol object at 0x7a94efe11620>,322.063281524,0.21428571428571427,6.0,0.0,3.0,8.0,22.0,2.0,0.0,61.82,0.7136943896651955,1.2744999999999997,2.275544126417527,0.0,0.0,0.0,1.0,2.0,3.0,0.0,0.0,0.0
compound_0450,O=c1ccc(C(F)(F)F)cn1Cc1cc(=O)n2ccsc2n1,1525,113.23823471173031,57.0,<rdkit.Chem.rdchem.Mol object at 0x7a94efe11690>,321.10481648,0.17647058823529413,5.0,0.0,4.0,6.0,23.0,4.0,0.0,55.97,0.5736643947585799,3.7897000000000025,2.8574193144814277,0.0,0.0,0.0,1.0,3.0,4.0,0.0,0.0,0.0
compound_0674,CC1CCc2c(sc(NC(=O)Nc3ccccc3)c2C(N)=O)C1,46,128.21420851269062,72.56916996047431,<rdkit.Chem.rdchem.Mol object at 0x7a94efe11700>,348.089225992,0.26666666666666666,8.0,1.0,3.0,9.0,24.0,4.0,0.0,101.49000000000001,0.8747933925965792,0.7497999999999996,2.034193339107075,0.0,1.0,1.0,1.0,1.0,2.0,0.0,1.0,1.0
compound_0027,O=C(NC1CCCC1)c1cccc(S(=O)(=O)N2CCCCC2)c1,61,150.67439705044086,60.307568438003216,<rdkit.Chem.rdchem.Mol object at 0x7a94efe11770>,308.1194635,0.6,5.0,3.0,3.0,6.0,21.0,3.0,0.0,81.41999999999999,0.8968046730669832,2.0893,3.116386218231754,1.0,1.0,2.0,0.0,1.0,1.0,0.0,1.0,1.0
compound_0877,Cc1ccc(N2CC(NC(=O)CCCc3ccccc3)CC2=O)cc1,1510,160.73163817200222,66.88,<rdkit.Chem.rdchem.Mol object at 0x7a94efe117e0>,279.137162164,0.29411764705882354,4.0,1.0,4.0,4.0,21.0,1.0,0.0,50.160000000000004,0.7443422441276281,2.8768200000000013,2.581001501894969,1.0,0.0,1.0,1.0,2.0,3.0,0.0,0.0,0.0
compound_0539,Cn1cccc1C(=O)N1CCC2(CCCN(c3ncccn3)C2)CC1,1506,94.02159387648648,114.90620689655172,<rdkit.Chem.rdchem.Mol object at 0x7a94efe11850>,333.096954228,0.5625,4.0,0.0,4.0,6.0,22.0,3.0,0.0,46.09,0.6386462417492043,3.284600000000002,2.3445247773051,1.0,1.0,2.0,0.0,2.0,2.0,0.0,1.0,1.0
compound_2161,NC(=O)c1c(NC(=O)Cc2ccc(F)cc2)sc2c1CCCC2,1500,149.3855238793166,55.56916996047431,<rdkit.Chem.rdchem.Mol object at 0x7a94efe118c0>,348.10448213200004,0.10526315789473684,5.0,1.0,4.0,6.0,25.0,4.0,0.0,59.290000000000006,0.6117069328664986,3.696220000000001,2.2394337440796974,0.0,0.0,0.0,1.0,3.0,4.0,0.0,0.0,0.0
compound_0783,CC(C)(C)n1ncc2c(=O)n(CC(=O)NCc3ccccc3)cnc21,1498,147.78583425048825,57.0,<rdkit.Chem.rdchem.Mol object at 0x7a94efe11930>,341.1197978480001,0.3888888888888889,5.0,0.0,4.0,6.0,24.0,1.0,0.0,54.68,0.6833461849601432,3.0897200000000016,2.866740626040599,0.0,1.0,1.0,0.0,3.0,3.0,0.0,1.0,1.0
compound_1404,COc1cc(C2Nc3ccccc3O2)cc(OC)c1OC,1490,43.46743423443701,65.21904761904761,<rdkit.Chem.rdchem.Mol object at 0x7a94efe106d0>,268.096025624,0.21428571428571427,6.0,0.0,4.0,6.0,20.0,2.0,0.0,65.97,0.7081422311566052,1.7570999999999999,2.9424386115583214,1.0,0.0,1.0,1.0,2.0,3.0,0.0,0.0,0.0
compound_1259,O=C(COC(=O)Cc1n[nH]c(=O)c2ccccc12)NCC1CCCO1,1483,132.7287281044851,67.62666666666667,<rdkit.Chem.rdchem.Mol object at 0x7a94efe10040>,311.1170954160001,0.0,5.0,0.0,4.0,5.0,24.0,3.0,0.0,64.45,0.577462684128642,3.662600000000003,2.2619654962977105,0.0,0.0,0.0,0.0,4.0,4.0,0.0,0.0,0.0
compound_0210,Cc1ccc2nc(SCC(=O)N3CCC(C)CC3)nc(=O)n2c1,1481,116.9214146996674,55.927536231884055,<rdkit.Chem.rdchem.Mol object at 0x7a94efe100b0>,316.13107374000003,0.4444444444444444,5.0,0.0,3.0,5.0,23.0,5.0,0.0,65.74000000000001,0.6264716321938741,3.002200000000002,2.7631649740707065,1.0,0.0,1.0,1.0,1.0,2.0,0.0,0.0,0.0
compound_0857,COc1ccc(C(=O)CC2(O)C(=O)Nc3ccc(F)cc32)cc1,216,92.9545514778629,77.40434782608696,<rdkit.Chem.rdchem.Mol object at 0x7a94efe10120>,288.1473925,0.5625,5.0,1.0,3.0,5.0,21.0,3.0,0.0,68.28999999999999,0.8614503929720081,1.8197,3.980705397427733,1.0,1.0,2.0,0.0,1.0,1.0,1.0,1.0,2.0
compound_0830,CC(C)(C)C(=O)N1CCN(c2ccc(N3CCCCC3)nn2)CC1,1473,98.83787421747886,61.83870967741936,<rdkit.Chem.rdchem.Mol object at 0x7a94efe10190>,339.0789956560001,0.125,7.0,0.0,4.0,8.0,24.0,5.0,0.0,74.43,0.5565004202746364,2.835400000000001,2.2460967259835183,0.0,0.0,0.0,1.0,3.0,4.0,0.0,0.0,0.0
compound_2644,Cc1cc(N2CCN(c3ccccc3)CC2)n2ncnc2n1,1472,110.63162445044216,81.26406926406928,<rdkit.Chem.rdchem.Mol object at 0x7a94efe10200>,303.104147784,0.4666666666666667,5.0,0.0,4.0,6.0,21.0,2.0,0.0,47.480000000000004,0.8530486844203274,2.5484,3.0775225155273525,0.0,2.0,2.0,0.0,2.0,2.0,0.0,2.0,2.0
compound_1435,O=C(NC1CCCC1)C1CCCN(S(=O)(=O)N2CCCC2)C1,1470,109.78713670631348,79.19122257053291,<rdkit.Chem.rdchem.Mol object at 0x7a94efe114d0>,343.09906240399994,0.17647058823529413,6.0,1.0,3.0,7.0,24.0,4.0,0.0,81.06,0.7844778780019851,1.9068,2.2080383148970206,0.0,0.0,0.0,1.0,2.0,3.0,0.0,0.0,0.0
compound_1449,O=C(Cn1nnc2sc3c(c2c1=O)CCCC3)N1CCCCC1,1463,116.38794348140846,89.63210702341136,<rdkit.Chem.rdchem.Mol object at 0x7a94efe11540>,345.12123732799995,0.3888888888888889,7.0,1.0,3.0,7.0,25.0,6.0,0.0,94.84,0.6292822035259238,1.4743199999999999,2.2307094301565744,1.0,0.0,1.0,1.0,1.0,2.0,1.0,0.0,1.0
compound_2340,Cc1sc2nc(C)n(Cc3c(F)cccc3F)c(=O)c2c1C,1460,83.45410390955546,57.0,<rdkit.Chem.rdchem.Mol object at 0x7a94efe115b0>,306.07866130799994,0.3076923076923077,7.0,1.0,3.0,8.0,21.0,3.0,0.0,82.17999999999999,0.6861493656613422,2.0549,3.5068692467622187,0.0,1.0,1.0,0.0,2.0,2.0,0.0,0.0,0.0
compound_0053,O=C(Nc1ccccc1)N1CCN(c2ncnc3sccc23)CC1,1459,152.36800755957188,81.12698412698413,<rdkit.Chem.rdchem.Mol object at 0x7a94efe10f90>,308.06531975200005,0.35714285714285715,4.0,0.0,3.0,6.0,20.0,3.0,0.0,50.27,0.8757849841590394,2.9030200000000015,1.9798453500473094,0.0,1.0,1.0,1.0,1.0,2.0,0.0,1.0,1.0
compound_0121,Cc1cc(NC(=O)C2CC(=O)N(c3ccc(C)c(Cl)c3)C2)no1,162,125.34388302027456,75.5776397515528,<rdkit.Chem.rdchem.Mol object at 0x7a94efe10eb0>,347.073990528,0.125,6.0,2.0,3.0,8.0,24.0,5.0,0.0,95.05000000000001,0.7561762512295199,1.4826999999999992,2.30105966966166,0.0,0.0,0.0,2.0,1.0,3.0,0.0,0.0,0.0
compound_0889,O=C1CC(c2cccc(C(F)(F)F)c2)c2cc3c(cc2N1)OCCO3,226,52.96468958345644,120.75999999999999,<rdkit.Chem.rdchem.Mol object at 0x7a94efe10e40>,334.09872805599997,0.3125,6.0,1.0,3.0,7.0,23.0,5.0,0.0,75.71000000000001,0.8409554484775638,1.4995999999999996,2.8905630362008843,0.0,1.0,1.0,2.0,0.0,2.0,0.0,0.0,0.0
compound_2748,O=C1CC(c2cccc(Cl)c2)c2cc3c(cc2N1)OCCO3,226,47.45503642425207,105.88744588744589,<rdkit.Chem.rdchem.Mol object at 0x7a94efe10970>,311.109233164,0.29411764705882354,4.0,1.0,4.0,5.0,22.0,2.0,0.0,46.400000000000006,0.7799503884029083,3.900000000000002,2.357989462955988,1.0,0.0,1.0,1.0,2.0,3.0,0.0,0.0,0.0
compound_1123,CN1CC(C(=O)Nc2cccc(C(=O)c3ccccc3)c2)CC1=O,1451,116.72541871139256,71.51086956521739,<rdkit.Chem.rdchem.Mol object at 0x7a94efe10c80>,321.136493468,0.15,4.0,2.0,3.0,4.0,24.0,6.0,0.0,62.47,0.7252209945670925,3.8236000000000017,2.454161369414871,0.0,0.0,0.0,2.0,1.0,3.0,0.0,0.0,0.0
compound_0883,CC1CCN(C(=O)c2ccc(NC(=O)c3ccc(=O)[nH]c3)cc2)CC1,1450,148.47120588064485,56.168000000000006,<rdkit.Chem.rdchem.Mol object at 0x7a94efe10cf0>,309.06843097200004,0.06666666666666667,6.0,0.0,4.0,7.0,22.0,3.0,0.0,65.2,0.5819605769832994,2.923400000000001,2.241716019908651,0.0,0.0,0.0,1.0,3.0,4.0,0.0,0.0,0.0
compound_2236,O=C1CCN(C(=O)OCC2c3ccccc3-c3ccccc32)CC1,1448,71.99597717337144,86.41025641025641,<rdkit.Chem.rdchem.Mol object at 0x7a94efe10c10>,304.06817687600005,0.13333333333333333,4.0,0.0,3.0,6.0,21.0,2.0,0.0,51.96,0.730999361106878,3.0292400000000015,2.155921604517049,0.0,0.0,0.0,2.0,1.0,3.0,0.0,0.0,0.0
compound_0016,CCOC(=O)c1ccc(NC(=O)C23CCC(C)(C(=O)O2)C3(C)C)cc1,1446,94.27490246506524,98.02758620689656,<rdkit.Chem.rdchem.Mol object at 0x7a94efe107b0>,275.152143532,0.625,4.0,1.0,3.0,4.0,20.0,2.0,0.0,59.160000000000004,0.8431878167391764,3.187520000000002,3.362566928299982,2.0,0.0,2.0,0.0,1.0,1.0,1.0,0.0,1.0
compound_0635,Cc1cc(C)nc(-n2ncc3c2CC(C)(C)CC3=O)n1,1442,37.1804405625822,60.88636363636364,<rdkit.Chem.rdchem.Mol object at 0x7a94efe119a0>,269.09127459200005,0.15384615384615385,7.0,2.0,4.0,7.0,20.0,3.0,0.0,84.95,0.7523395760069364,1.6936999999999995,2.4981842569298998,0.0,1.0,1.0,1.0,2.0,3.0,0.0,0.0,0.0
compound_0348,CCc1ccccc1N1CC23C=CC(O2)C(C(=O)OC)C3C1=O,1441,27.645921225914748,144.92307692307693,<rdkit.Chem.rdchem.Mol object at 0x7a94efe11a10>,318.049669688,0.13333333333333333,4.0,2.0,3.0,6.0,21.0,2.0,0.0,73.05000000000001,0.7863423625667157,3.328140000000001,2.394944416188139,0.0,0.0,0.0,1.0,2.0,3.0,0.0,0.0,0.0
compound_1942,CC(Sc1nc(N)cc(N)n1)C(=O)Nc1cccc2ccccc12,1435,148.72151870608388,68.0,<rdkit.Chem.rdchem.Mol object at 0x7a94efe11a80>,337.091868848,0.5333333333333333,5.0,0.0,3.0,7.0,22.0,4.0,0.0,59.230000000000004,0.8004236968406943,3.394700000000002,3.1311088307546404,0.0,1.0,1.0,0.0,2.0,2.0,0.0,1.0,1.0
compound_1102,Cn1nc(C(=O)OC2CCOC2=O)c2ccccc2c1=O,1431,58.97045384105616,71.77777777777779,<rdkit.Chem.rdchem.Mol object at 0x7a94efe11af0>,346.03168982000005,0.1875,4.0,1.0,3.0,5.0,21.0,5.0,0.0,47.28,0.7708781442410321,3.2387000000000015,2.4919055816415643,0.0,0.0,0.0,2.0,1.0,3.0,0.0,0.0,0.0
compound_1591,O=C1CC2(CCN(C(=O)C3CC3)CC2)Oc2ccccc21,1429,77.44775094336919,116.76923076923076,<rdkit.Chem.rdchem.Mol object at 0x7a94efe11b60>,344.1194635,0.2777777777777778,5.0,0.0,3.0,6.0,24.0,3.0,0.0,57.690000000000005,0.8596978775194895,2.5466200000000008,2.5609914432216616,0.0,1.0,1.0,2.0,0.0,2.0,0.0,1.0,1.0
compound_0311,Cc1nn(C)cc1S(=O)(=O)Nc1cnn(Cc2ccccc2F)c1,1428,145.29265123275533,57.0,<rdkit.Chem.rdchem.Mol object at 0x7a94efe11bd0>,349.142641468,0.2,6.0,1.0,4.0,6.0,26.0,3.0,0.0,69.80999999999999,0.7870686272993902,3.0096000000000016,2.0056116756984785,0.0,1.0,1.0,2.0,1.0,3.0,0.0,1.0,1.0
compound_2096,CC(=O)Nc1cccc(NC(=O)C2CC3CCC2C3)c1,1423,81.0754149638377,71.46666666666667,<rdkit.Chem.rdchem.Mol object at 0x7a94efe11c40>,348.07799261199995,0.1875,7.0,2.0,3.0,8.0,24.0,5.0,0.0,93.73,0.8654263304210917,2.4292000000000007,1.9497192293293857,0.0,1.0,1.0,2.0,0.0,2.0,0.0,0.0,0.0
compound_0388,Cc1ccc2c(c1)N(CC(=O)NCC1CCCO1)C(=O)CO2,211,108.5860078328168,68.84848484848484,<rdkit.Chem.rdchem.Mol object at 0x7a94efe11cb0>,330.103813436,0.23529411764705882,5.0,0.0,3.0,6.0,23.0,3.0,0.0,57.690000000000005,0.8658429133985741,2.09922,1.8703745658732416,0.0,1.0,1.0,2.0,0.0,2.0,0.0,1.0,1.0
compound_1328,COC1COC2C(NC(=O)Nc3ccc(C(C)=O)cc3)COC12,1418,83.24705401522445,73.91304347826086,<rdkit.Chem.rdchem.Mol object at 0x7a94efe11d20>,317.07217896000003,0.25,5.0,1.0,3.0,6.0,22.0,3.0,0.0,64.63,0.8786530516672851,3.432640000000002,2.9170859489131775,0.0,1.0,1.0,1.0,1.0,2.0,0.0,0.0,0.0
compound_0207,O=C(c1nn(-c2ccccc2)c(=O)c2ccccc12)N1CCOCC1,1411,109.01853131601132,85.28695652173914,<rdkit.Chem.rdchem.Mol object at 0x7a94efe11d90>,322.088832068,0.11764705882352941,5.0,2.0,4.0,6.0,23.0,2.0,0.0,73.80000000000001,0.7339483834036284,2.52262,2.537627884861946,1.0,0.0,1.0,2.0,1.0,3.0,0.0,0.0,0.0
compound_2516,O=C(NCC1CCCO1)c1cccc(-c2cccs2)c1,68,119.11513310746317,60.266666666666666,<rdkit.Chem.rdchem.Mol object at 0x7a94efe11e00>,301.167793596,0.5555555555555556,4.0,1.0,3.0,4.0,22.0,3.0,0.0,55.400000000000006,0.8734659927097077,2.795540000000001,3.345095255849296,1.0,1.0,2.0,1.0,0.0,1.0,1.0,1.0,2.0
compound_2775,CS(=O)(=O)c1ccccc1C(=O)Nc1ccc2c(c1)OCO2,1406,129.70514131122303,55.44385026737967,<rdkit.Chem.rdchem.Mol object at 0x7a94efe11e70>,295.05123962000005,0.0625,4.0,1.0,3.0,5.0,21.0,3.0,0.0,69.53999999999999,0.7488931476630086,3.706380000000002,2.636032845197681,0.0,0.0,0.0,2.0,1.0,3.0,0.0,0.0,0.0
compound_2437,Cc1nn(C(=O)c2ccc3ncccc3c2)c2c1C1C(C2)C1(C)C,1403,56.82427604523501,174.9135802469136,<rdkit.Chem.rdchem.Mol object at 0x7a94efe11ee0>,314.10889881599996,0.29411764705882354,4.0,3.0,3.0,5.0,22.0,3.0,0.0,72.19,0.9127028214225792,3.224100000000001,2.4249857333170333,1.0,0.0,1.0,1.0,1.0,2.0,0.0,0.0,0.0
compound_1925,O=C(CC1COc2ccccc2O1)Nc1cccc(C(F)(F)F)c1,1401,105.76227749088932,74.42857142857142,<rdkit.Chem.rdchem.Mol object at 0x7a94efe11f50>,279.112010036,0.2,6.0,1.0,4.0,6.0,21.0,2.0,0.0,72.18,0.7769051458865526,1.8652999999999997,2.367569923161698,1.0,0.0,1.0,1.0,2.0,3.0,0.0,0.0,0.0
compound_1760,O=C(CC1Sc2ccccc2N=C1O)Nc1ccc(F)cc1F,1399,97.87734419694009,69.31400966183575,<rdkit.Chem.rdchem.Mol object at 0x7a94efe11fc0>,341.08993719999995,0.16666666666666666,7.0,1.0,3.0,7.0,25.0,4.0,0.0,90.92999999999999,0.6747775609882801,2.5409000000000006,2.7373973840190775,0.0,1.0,1.0,2.0,0.0,2.0,0.0,0.0,0.0
compound_1524,N#Cc1cnc2c(-c3ccccc3)c(-c3ccccc3)nn2c1N,1398,35.58758719486013,80.0,<rdkit.Chem.rdchem.Mol object at 0x7a94efe12030>,325.11479271999997,0.5625,4.0,1.0,3.0,6.0,22.0,4.0,0.0,63.24,0.9254943396833857,2.9628000000000014,3.876603754871975,2.0,0.0,2.0,1.0,0.0,1.0,2.0,0.0,2.0
compound_0559,O=C(CSc1ccc2nnc(-c3ccncc3)n2n1)N1CCCC1,1395,158.01661235367337,80.82539682539682,<rdkit.Chem.rdchem.Mol object at 0x7a94efe120a0>,330.194342692,0.5789473684210527,5.0,1.0,3.0,5.0,24.0,4.0,0.0,58.64,0.9233318408814325,2.7430000000000003,3.153747769358147,1.0,1.0,2.0,1.0,0.0,1.0,1.0,0.0,1.0
compound_1731,CC(=O)Nc1ccc(C(=O)CC2(O)C(=O)N(C)c3ccccc32)cc1,1390,108.50137853986982,81.32173913043479,<rdkit.Chem.rdchem.Mol object at 0x7a94efe12110>,344.20999275599996,0.6,5.0,0.0,3.0,5.0,25.0,4.0,0.0,49.85,0.8437086065657762,2.942700000000001,3.0369608944988755,0.0,2.0,2.0,1.0,0.0,1.0,0.0,2.0,2.0
compound_2868,O=C(c1cn(-c2ccccc2)nc1-c1ccccc1)N1CCCC1,1383,117.8593862138363,81.27777777777777,<rdkit.Chem.rdchem.Mol object at 0x7a94efe12180>,297.136493468,0.3333333333333333,4.0,0.0,3.0,4.0,22.0,2.0,0.0,48.3,0.8558588118116451,3.0012000000000016,2.488417430326731,1.0,0.0,1.0,1.0,1.0,2.0,0.0,0.0,0.0
compound_0458,CC(C)OC(=O)c1c(NC(=O)c2cnccn2)sc2c1CCCC2,1382,141.25915485111105,55.01388888888889,<rdkit.Chem.rdchem.Mol object at 0x7a94efe121f0>,326.163042564,0.42105263157894735,5.0,1.0,3.0,5.0,24.0,4.0,0.0,68.28999999999999,0.8767881560311487,3.086500000000002,2.7285692570132305,1.0,0.0,1.0,1.0,1.0,2.0,1.0,0.0,1.0
compound_2209,CC(C)CN1C(=O)C(NC(=O)c2ccco2)(C(F)(F)F)N=C1O,1381,61.469362857341565,55.07093821510298,<rdkit.Chem.rdchem.Mol object at 0x7a94efe12260>,335.1269914040001,0.15789473684210525,6.0,1.0,4.0,6.0,25.0,3.0,0.0,65.25999999999999,0.7476497811298829,2.7655200000000013,2.8890279799020693,0.0,1.0,1.0,2.0,1.0,3.0,0.0,0.0,0.0
compound_0288,Cc1nn(Cc2ccc(C(=O)N3CCCCCC3)o2)c(C)c1Cl,1379,132.59887046567215,56.799331103678924,<rdkit.Chem.rdchem.Mol object at 0x7a94efe122d0>,327.147058152,0.3157894736842105,5.0,1.0,3.0,5.0,24.0,5.0,0.0,56.790000000000006,0.8452952585572172,3.8557200000000025,2.8677064834053603,0.0,1.0,1.0,2.0,0.0,2.0,0.0,0.0,0.0
compound_2837,O=C(Cn1c(-c2cncs2)nc2ccccc21)Nc1ccccc1,1376,119.23495161685328,76.0,<rdkit.Chem.rdchem.Mol object at 0x7a94efe12340>,309.147726848,0.2777777777777778,5.0,1.0,3.0,5.0,23.0,3.0,0.0,62.300000000000004,0.9479255758312825,2.6900400000000007,2.435875979987866,0.0,1.0,1.0,1.0,1.0,2.0,0.0,1.0,1.0
compound_2918,Cc1cc(C)c2c(N)c(C(O)c3ccccc3)sc2n1,1369,60.97056246421507,68.0,<rdkit.Chem.rdchem.Mol object at 0x7a94efe123b0>,323.08408103600004,0.125,6.0,0.0,4.0,7.0,23.0,4.0,0.0,65.2,0.5762761301386295,3.3135000000000012,2.2197379630190834,0.0,0.0,0.0,1.0,3.0,4.0,0.0,0.0,0.0
compound_1879,CCCN1C(=O)c2cccc3c(S(=O)(=O)N(C)C)ccc1c23,1366,82.16077599311608,60.0,<rdkit.Chem.rdchem.Mol object at 0x7a94efe12420>,322.033350928,0.26666666666666666,4.0,0.0,3.0,6.0,21.0,2.0,0.0,60.440000000000005,0.7970642954444521,3.1320200000000016,3.114584240243314,0.0,1.0,1.0,1.0,1.0,2.0,0.0,0.0,0.0
compound_2757,CC(C)NC(=O)NC1CCN2C(=O)C(Cc3ccccc3)NC(=O)C12,1361,43.60385704821746,76.8,<rdkit.Chem.rdchem.Mol object at 0x7a94efe12490>,328.09939675199996,0.1875,6.0,2.0,3.0,7.0,23.0,6.0,0.0,86.94,0.7027082050617875,2.5523,2.5870603264106755,0.0,0.0,0.0,1.0,2.0,3.0,0.0,0.0,0.0
compound_1489,CCn1c(=O)c2c(nc3n2CCCN3c2ccccc2)n(C)c1=O,1359,95.71824707490728,92.06521739130434,<rdkit.Chem.rdchem.Mol object at 0x7a94efe12500>,337.140196856,0.35294117647058826,4.0,0.0,3.0,7.0,24.0,2.0,0.0,28.480000000000004,0.8427830113115845,3.0063000000000013,2.1359391185709597,0.0,1.0,1.0,1.0,1.0,2.0,0.0,1.0,1.0
compound_0334,CC(Sc1nnc(-c2ccco2)o1)C(=O)NC1CCCC1,1358,120.79047013253567,64.76190476190476,<rdkit.Chem.rdchem.Mol object at 0x7a94efe12570>,284.109567512,0.3333333333333333,4.0,0.0,4.0,5.0,20.0,2.0,0.0,33.43,0.72245763109911,3.448100000000002,2.2021142569298995,0.0,1.0,1.0,1.0,2.0,3.0,0.0,1.0,1.0
compound_2684,CC(=O)c1ccc(NC(=O)C2Cc3ccccc3C(=O)O2)cc1,1354,111.1846432575707,70.53416149068323,<rdkit.Chem.rdchem.Mol object at 0x7a94efe125e0>,301.167793596,0.5555555555555556,4.0,1.0,3.0,4.0,22.0,4.0,0.0,55.4,0.8699991393072678,2.706800000000001,3.740690665338559,2.0,0.0,2.0,1.0,0.0,1.0,2.0,0.0,2.0
compound_2859,Cc1ccccc1OC(C)c1nc(-c2ccncc2)no1,72,106.98547476781552,60.0,<rdkit.Chem.rdchem.Mol object at 0x7a94efe12650>,301.1215121,0.05263157894736842,4.0,1.0,4.0,4.0,23.0,3.0,0.0,46.92,0.6249215944916008,3.8282000000000025,1.8006922616616148,0.0,0.0,0.0,3.0,1.0,4.0,0.0,0.0,0.0
compound_2809,Fc1ccc(-c2csc(Cc3nnc4n3CCCCC4)n2)cc1,1346,133.9260810034314,82.10586011342156,<rdkit.Chem.rdchem.Mol object at 0x7a94efe126c0>,320.04985971600007,0.35714285714285715,5.0,1.0,3.0,7.0,21.0,2.0,0.0,70.71000000000001,0.924065284188295,3.0561000000000016,2.5470969360820366,1.0,0.0,1.0,0.0,2.0,2.0,0.0,0.0,0.0
compound_2944,COc1cccc(OC)c1-c1nn2c(-c3ccccn3)nnc2s1,39,70.39422318690481,80.0,<rdkit.Chem.rdchem.Mol object at 0x7a94efe12730>,347.08368262000005,0.17647058823529413,5.0,2.0,3.0,7.0,24.0,3.0,0.0,61.440000000000005,0.8934640192227661,3.4061000000000012,2.3834874586197845,0.0,1.0,1.0,2.0,0.0,2.0,0.0,1.0,1.0
compound_0060,CC1Oc2ccccc2N(CC(=O)Nc2ccccc2F)C1=O,222,112.71760788750592,69.25652173913043,<rdkit.Chem.rdchem.Mol object at 0x7a94efe127a0>,344.23245951599995,0.7222222222222222,7.0,1.0,4.0,7.0,25.0,3.0,0.0,68.10000000000001,0.923278323769377,2.7215000000000007,3.293290281173097,1.0,1.0,2.0,0.0,2.0,2.0,1.0,1.0,2.0
compound_1129,CC(C)(C)NC(=O)C1Cc2ccccc2CN1C(=O)c1ccsc1,1321,95.20348762843751,79.47115384615384,<rdkit.Chem.rdchem.Mol object at 0x7a94efe12810>,324.16985926,0.4117647058823529,7.0,1.0,4.0,7.0,24.0,5.0,0.0,77.75000000000001,0.7748241296989976,2.16892,2.810462635472758,0.0,1.0,1.0,1.0,2.0,3.0,0.0,1.0,1.0
compound_0696,CN1C(=O)COc2ccc(-c3n[nH]c(=O)c4ccccc34)cc21,1315,55.89173430036808,85.63386727688787,<rdkit.Chem.rdchem.Mol object at 0x7a94efe12880>,336.07933000400004,0.0625,7.0,1.0,4.0,8.0,24.0,3.0,0.0,85.07000000000001,0.6216560510507709,2.8085200000000006,2.261155880913094,0.0,0.0,0.0,1.0,3.0,4.0,0.0,0.0,0.0
compound_2079,COc1ccc(S(=O)(=O)NC2CC2)cc1C(=O)N1CCOCC1,1314,131.22842220766475,61.14555765595463,<rdkit.Chem.rdchem.Mol object at 0x7a94efe128f0>,348.11437811999997,0.35294117647058826,6.0,0.0,3.0,7.0,24.0,4.0,0.0,66.92,0.8358312099967333,1.3224000000000002,1.9224239804606071,0.0,1.0,1.0,2.0,0.0,2.0,0.0,1.0,1.0
compound_2952,CS(=O)(=O)N1CCN(C(=O)c2cc3ccccc3oc2=O)CC1,1313,122.40394162986388,61.95652173913044,<rdkit.Chem.rdchem.Mol object at 0x7a94efe12960>,345.151097976,0.6111111111111112,5.0,0.0,4.0,6.0,24.0,4.0,0.0,55.32000000000001,0.8526011209283213,3.3499000000000017,2.5214002765174914,2.0,0.0,2.0,0.0,2.0,2.0,1.0,0.0,1.0
compound_2463,O=C(CN1C(=O)COc2ccccc21)N1CCc2ccccc2C1,1311,109.49722733801056,85.27777777777779,<rdkit.Chem.rdchem.Mol object at 0x7a94efe129d0>,344.08307799199997,0.17647058823529413,6.0,1.0,3.0,7.0,24.0,4.0,0.0,83.55000000000001,0.91977290605957,2.0321999999999996,2.120855077239158,0.0,1.0,1.0,2.0,0.0,2.0,0.0,0.0,0.0
compound_0969,CN(C(=O)c1ccc(C#N)cc1)c1nnc(C2CCOC2)s1,1309,71.33277737812607,68.36363636363636,<rdkit.Chem.rdchem.Mol object at 0x7a94efe12a40>,311.10923316400005,0.35294117647058826,4.0,1.0,3.0,5.0,22.0,3.0,0.0,65.78,0.9377073269096962,3.7819800000000026,2.7867429116226,1.0,0.0,1.0,0.0,2.0,2.0,0.0,0.0,0.0
compound_0550,COc1cc(C2C(C(N)=O)C(C)=Nc3nnnn32)ccc1OC(C)C,1308,82.64328132219029,78.11478260869565,<rdkit.Chem.rdchem.Mol object at 0x7a94efe12ab0>,347.163376912,0.2857142857142857,5.0,0.0,4.0,5.0,26.0,3.0,0.0,59.230000000000004,0.7166216683846829,4.064820000000003,1.9349926473583992,0.0,1.0,1.0,2.0,1.0,3.0,0.0,1.0,1.0
compound_0150,O=C(CSc1ncnc2c1cnn2-c1ccccc1)NC1CC1,178,147.39893191305305,79.96521739130434,<rdkit.Chem.rdchem.Mol object at 0x7a94efe12b20>,288.093248752,0.26666666666666666,4.0,0.0,3.0,5.0,20.0,3.0,0.0,50.27,0.8720279753311198,2.607400000000001,2.3619973808996555,0.0,1.0,1.0,1.0,1.0,2.0,0.0,1.0,1.0
compound_2914,Cc1nc2cc(NC(=O)c3cccc(S(C)(=O)=O)c3)ccc2s1,1301,156.54108784553884,57.0,<rdkit.Chem.rdchem.Mol object at 0x7a94efe12b90>,285.11134134,0.26666666666666666,6.0,1.0,3.0,6.0,21.0,4.0,0.0,81.16000000000001,0.7953091893883337,3.256520000000002,2.8815089990438363,0.0,0.0,0.0,1.0,2.0,3.0,0.0,0.0,0.0
compound_2075,O=C(NC1CC1)c1ccc(-c2cnn(-c3ccccc3)c2)nc1,149,107.2542419082082,80.24844720496894,<rdkit.Chem.rdchem.Mol object at 0x7a94efe12c00>,337.13503122400004,0.4666666666666667,7.0,2.0,3.0,9.0,24.0,3.0,0.0,93.59000000000002,0.9136940901041515,1.3128199999999999,2.544053783010998,0.0,1.0,1.0,0.0,2.0,2.0,0.0,1.0,1.0
compound_0013,Cc1ccc(-c2nn(CCC#N)cc2C(=O)N2CCCCC2)cc1C,169,100.93145518828663,55.689655172413794,<rdkit.Chem.rdchem.Mol object at 0x7a94efe12c70>,313.002048712,0.07692307692307693,4.0,1.0,3.0,8.0,21.0,1.0,0.0,63.33,0.7447563766102372,3.6409000000000002,2.7888865912544496,0.0,0.0,0.0,1.0,2.0,3.0,0.0,0.0,0.0
compound_1044,COc1ccc(C)cc1NC(=O)c1nc2nc(C)cc(C(F)F)n2n1,1297,135.5029622672383,57.0,<rdkit.Chem.rdchem.Mol object at 0x7a94efe12ce0>,333.10481648000007,0.05555555555555555,5.0,2.0,4.0,6.0,24.0,4.0,0.0,69.62,0.4571102573229074,3.4994000000000014,2.137669640393053,0.0,0.0,0.0,2.0,2.0,4.0,0.0,0.0,0.0
compound_2107,O=C(NCC1CCCO1)NC12CC3CC(CC(C3)C1)C2,1293,62.20628802895028,134.4516129032258,<rdkit.Chem.rdchem.Mol object at 0x7a94efe12d50>,336.14739249999997,0.3,5.0,2.0,4.0,5.0,25.0,2.0,0.0,67.43,0.8287120917676649,2.9620200000000017,4.038479873716041,0.0,2.0,2.0,2.0,0.0,2.0,0.0,1.0,1.0
compound_0577,COc1ccc(O)c(C(=O)c2cnc3nc(C(F)(F)F)nn3c2)c1,1291,100.97181772402593,60.0,<rdkit.Chem.rdchem.Mol object at 0x7a94efe12dc0>,345.15109797599996,0.5,5.0,1.0,3.0,6.0,24.0,7.0,0.0,64.11,0.7756702040628262,3.677800000000002,3.0992408916317844,1.0,0.0,1.0,0.0,2.0,2.0,0.0,0.0,0.0
compound_0171,O=S(=O)(c1ccc2c(c1)OCCO2)N1CCc2ccccc2C1,1289,131.97194682685728,91.05533596837945,<rdkit.Chem.rdchem.Mol object at 0x7a94efe12e30>,287.072847656,0.35714285714285715,5.0,0.0,4.0,6.0,20.0,2.0,0.0,64.95,0.7204614370870632,3.5779000000000023,3.1847455938205744,1.0,0.0,1.0,0.0,3.0,3.0,0.0,0.0,0.0
compound_0041,Cc1ccc(OCc2nc(C#N)c(N3CC(C)OC(C)C3)o2)cc1,184,99.87717687283175,71.92307692307692,<rdkit.Chem.rdchem.Mol object at 0x7a94efe12ea0>,329.11642672,0.05,5.0,1.0,4.0,5.0,25.0,4.0,0.0,68.02000000000001,0.6178603580890771,3.8198000000000025,2.0079894898148964,0.0,0.0,0.0,1.0,3.0,4.0,0.0,0.0,0.0
compound_0029,COc1ccccc1-c1nn(-c2cc(C(F)(F)F)ccn2)c(=O)o1,1284,74.36363324843624,57.0,<rdkit.Chem.rdchem.Mol object at 0x7a94efe12f10>,304.158706132,0.5294117647058824,4.0,1.0,3.0,5.0,22.0,4.0,0.0,49.410000000000004,0.9282138080502499,2.3755000000000006,2.5351736808533687,1.0,1.0,2.0,1.0,0.0,1.0,1.0,1.0,2.0
compound_0145,Cc1nnc(SCC(=O)N2CCC(C)CC2)n1C1CCCCC1,1283,119.98386321455358,56.39270687237027,<rdkit.Chem.rdchem.Mol object at 0x7a94efe12f80>,326.16304256399997,0.3684210526315789,5.0,1.0,3.0,5.0,24.0,6.0,0.0,62.550000000000004,0.8857978277692782,2.29542,2.4969632996585425,0.0,1.0,1.0,1.0,1.0,2.0,0.0,1.0,1.0
compound_1053,O=C(Nc1cc(C(=O)N2CCCC2)ccc1N1CCCC1)C1CC1,1278,137.11350973373993,91.61111111111111,<rdkit.Chem.rdchem.Mol object at 0x7a94efe12ff0>,347.163376912,0.23809523809523808,5.0,3.0,4.0,5.0,26.0,6.0,0.0,73.99,0.6368790248934076,3.631400000000001,1.9043784125405825,1.0,0.0,1.0,2.0,1.0,3.0,1.0,0.0,1.0
compound_0000,O=C(c1ccco1)N1CCN(C2=NS(=O)(=O)c3ccccc32)CC1,1277,87.62438802646295,93.86666666666666,<rdkit.Chem.rdchem.Mol object at 0x7a94efe13060>,338.0626748080001,0.14285714285714285,7.0,0.0,3.0,10.0,24.0,3.0,0.0,83.04,0.6829988717346385,2.7277000000000005,2.6366263745985137,0.0,0.0,0.0,0.0,3.0,3.0,0.0,0.0,0.0
compound_1537,COc1ccc(C2NC(=O)NC(C)=C2C(=O)OC2CCCC2)cc1,1274,96.17644433309034,73.88461538461537,<rdkit.Chem.rdchem.Mol object at 0x7a94efe130d0>,,,,,,,,,,,,,,,,,,,,,,
compound_2599,Cc1onc(-c2ccccc2)c1C(=O)Nc1cccc2cccnc12,1271,143.6870504018711,80.0,<rdkit.Chem.rdchem.Mol object at 0x7a94efe13140>,,,,,,,,,,,,,,,,,,,,,,
compound_0004,Cc1ccc(C2=Nc3nnnn3C(c3ccccc3)C2)cc1,1263,70.0898090808372,97.93636363636364,<rdkit.Chem.rdchem.Mol object at 0x7a94efe131b0>,,,,,,,,,,,,,,,,,,,,,,
compound_0213,CC1(C)C2CCC1(CS(=O)(=O)N1CCc3ccccc31)C(=O)C2,1257,60.5173858967151,141.2263868065967,<rdkit.Chem.rdchem.Mol object at 0x7a94efe13220>,,,,,,,,,,,,,,,,,,,,,,
compound_0846,CCOc1ccc(N2CC(NC(=O)Nc3ccccn3)CC2=O)cc1,1256,156.10946434889078,67.00521739130434,<rdkit.Chem.rdchem.Mol object at 0x7a94efe13290>,,,,,,,,,,,,,,,,,,,,,,
compound_1442,Cc1ccc(Cn2c(N(C)C)nc3c2c(=O)n(C)c(=O)n3C)cc1,1254,83.59475515212544,60.0,<rdkit.Chem.rdchem.Mol object at 0x7a94efe13300>,,,,,,,,,,,,,,,,,,,,,,
compound_0835,CCOC1N=C(c2ccccc2)c2cc(Cl)ccc2NC1=O,1253,37.54570605575135,65.23636363636363,<rdkit.Chem.rdchem.Mol object at 0x7a94efe13370>,,,,,,,,,,,,,,,,,,,,,,
compound_0768,N#Cc1cccc(NC(=O)CN2C(=O)c3ccccc3S2(=O)=O)c1,98,107.77442191396392,57.0,<rdkit.Chem.rdchem.Mol object at 0x7a94efe133e0>,,,,,,,,,,,,,,,,,,,,,,
compound_2077,Cn1c(=O)c2c(ncn2Cc2ccc(C(C)(C)C)cc2)n(C)c1=O,6,116.37388556130736,63.0,<rdkit.Chem.rdchem.Mol object at 0x7a94efe13450>,,,,,,,,,,,,,,,,,,,,,,
compound_2204,CC12CCC(C(=O)NC3CCCCC3)(OC1=O)C2(C)C,1245,41.74436891065957,96.32000000000001,<rdkit.Chem.rdchem.Mol object at 0x7a94efe134c0>,,,,,,,,,,,,,,,,,,,,,,
compound_2418,O=C(Cc1c[nH]c2ccccc12)Nc1ccc2c(c1)CCC2,26,169.4390048875328,80.28063241106719,<rdkit.Chem.rdchem.Mol object at 0x7a94efe13530>,,,,,,,,,,,,,,,,,,,,,,
compound_2571,Cn1nccc1CNC(=O)Cn1nc(C(F)(F)F)cc1C1CC1,31,114.59520675979424,60.30434782608695,<rdkit.Chem.rdchem.Mol object at 0x7a94efe135a0>,,,,,,,,,,,,,,,,,,,,,,
compound_1696,COC(=O)C(C)Oc1cc2oc(=O)c3c(c2cc1Cl)CCC3,1231,111.71911403188898,75.5702479338843,<rdkit.Chem.rdchem.Mol object at 0x7a94efe13610>,,,,,,,,,,,,,,,,,,,,,,
compound_1593,Cc1ccc(C=c2sc3nnc(-c4ccco4)n3c2=O)cc1,1230,89.78468138331004,80.0,<rdkit.Chem.rdchem.Mol object at 0x7a94efe13680>,,,,,,,,,,,,,,,,,,,,,,
compound_0512,c1csc(-c2nnc3sc(-c4ccc5c(c4)OCCO5)nn23)c1,1229,99.21595275457814,118.5294117647059,<rdkit.Chem.rdchem.Mol object at 0x7a94efe136f0>,,,,,,,,,,,,,,,,,,,,,,
compound_2705,O=C(CSc1nc(=O)[nH]c2c1CCC2)N1CCCc2ccccc21,218,139.26819017153477,87.2,<rdkit.Chem.rdchem.Mol object at 0x7a94efe13760>,,,,,,,,,,,,,,,,,,,,,,
compound_2006,CCCCN1CC2=C(C1=O)C(c1ccc(F)cc1)NC(=O)N2,1226,47.74418472065774,70.24793388429752,<rdkit.Chem.rdchem.Mol object at 0x7a94efe137d0>,,,,,,,,,,,,,,,,,,,,,,
compound_1488,Cc1cc(NC(=O)c2cc(C3CC3)on2)n(-c2ccccc2)n1,1219,126.76348095393848,84.22360248447205,<rdkit.Chem.rdchem.Mol object at 0x7a94efe13840>,,,,,,,,,,,,,,,,,,,,,,
compound_0746,Cn1c(=O)oc2cc(S(=O)(=O)N3CCCCC3)c(Cl)cc21,1218,82.38951734374832,63.19047619047619,<rdkit.Chem.rdchem.Mol object at 0x7a94efe138b0>,,,,,,,,,,,,,,,,,,,,,,
compound_2681,CCc1ccc(C(=O)CC2(O)C(=O)N(CC)c3ccccc32)cc1,1217,106.77386617766808,77.21794871794872,<rdkit.Chem.rdchem.Mol object at 0x7a94efe13920>,,,,,,,,,,,,,,,,,,,,,,
compound_0569,Cn1c(=O)c2c(ncn2Cc2ccc(F)cc2Cl)n(C)c1=O,6,100.83071001262188,57.0,<rdkit.Chem.rdchem.Mol object at 0x7a94efe13990>,,,,,,,,,,,,,,,,,,,,,,
compound_1637,Cc1cc2ccccn2c1C(=O)c1cccc(S(=O)(=O)N(C)C)c1,1216,106.22299083806084,60.0,<rdkit.Chem.rdchem.Mol object at 0x7a94efe13a00>,,,,,,,,,,,,,,,,,,,,,,
compound_2351,CCC(c1ccccc1)c1nn2c(-c3cccnc3)nnc2s1,1212,91.1856192242598,95.0,<rdkit.Chem.rdchem.Mol object at 0x7a94efe13a70>,,,,,,,,,,,,,,,,,,,,,,
compound_0372,O=C(Nc1ccc(S(=O)(=O)N2CCOCC2)cc1)c1cnccn1,1210,156.18439068141262,55.473684210526315,<rdkit.Chem.rdchem.Mol object at 0x7a94efe13ae0>,,,,,,,,,,,,,,,,,,,,,,
compound_0713,CN(C(=O)c1ccc(F)cc1)c1ccccc1C(=O)N1CCOCC1,1204,118.87925325376006,55.306666666666665,<rdkit.Chem.rdchem.Mol object at 0x7a94efe13b50>,,,,,,,,,,,,,,,,,,,,,,
compound_1704,CSc1nnc(-c2cnn(-c3ccccc3)c2-n2cccc2)n1C,1202,68.99114944620202,80.0,<rdkit.Chem.rdchem.Mol object at 0x7a94efe13bc0>,,,,,,,,,,,,,,,,,,,,,,
compound_2171,CC1(C)CC2CC(C)(CN2C(=O)c2ccc(F)cc2)C1,1200,69.62635154006392,88.81481481481481,<rdkit.Chem.rdchem.Mol object at 0x7a94efe13c30>,,,,,,,,,,,,,,,,,,,,,,
compound_0529,Cc1nnc(SCC(=O)NCC2CCCO2)n1Cc1ccccc1,217,162.81947846207137,63.4,<rdkit.Chem.rdchem.Mol object at 0x7a94efe13ca0>,,,,,,,,,,,,,,,,,,,,,,
compound_1586,OC1CCN(c2cc(-c3ccncc3)nc(-c3ccncc3)n2)CC1,1186,80.19882389179155,82.01666666666667,<rdkit.Chem.rdchem.Mol object at 0x7a94efe13d10>,,,,,,,,,,,,,,,,,,,,,,
compound_2505,CC1=C(C(=O)Nc2ccccc2C)C(c2cccs2)NC(=O)N1,1179,94.85081245291684,69.25652173913043,<rdkit.Chem.rdchem.Mol object at 0x7a94efe13d80>,,,,,,,,,,,,,,,,,,,,,,
compound_0601,O=C(c1ccc2c(c1)ncn2-c1ccc(F)cc1F)N1CCCCC1,1178,111.64190221950612,90.64999999999999,<rdkit.Chem.rdchem.Mol object at 0x7a94efe13df0>,,,,,,,,,,,,,,,,,,,,,,
compound_1144,O=C(c1ccccc1Cl)N1CCC(O)(c2cccnc2)CC1,1171,95.5317060700513,56.97107438016529,<rdkit.Chem.rdchem.Mol object at 0x7a94efe13e60>,,,,,,,,,,,,,,,,,,,,,,
compound_1776,Cc1cc2ccccc2n1CC(=O)NCc1ccc2c(c1)OCO2,1169,163.7426383691071,81.37681159420289,<rdkit.Chem.rdchem.Mol object at 0x7a94efe13ed0>,,,,,,,,,,,,,,,,,,,,,,
compound_0282,CC1CCc2c(sc(NC(=O)C3CCCO3)c2C(N)=O)C1,46,105.03783544314038,76.0952380952381,<rdkit.Chem.rdchem.Mol object at 0x7a94efe13f40>,,,,,,,,,,,,,,,,,,,,,,
compound_1789,CCOC(=O)C1=C(C)Nc2ncnn2C1c1ccc(C)o1,201,71.04082368566141,69.19298245614036,<rdkit.Chem.rdchem.Mol object at 0x7a95021e0040>,,,,,,,,,,,,,,,,,,,,,,
compound_2149,COc1ccc2c(c1)C(O)(CC(=O)c1ccc(C)cc1)C(=O)N2,216,88.85169138675799,77.35177865612647,<rdkit.Chem.rdchem.Mol object at 0x7a95021e00b0>,,,,,,,,,,,,,,,,,,,,,,
compound_0014,O=C(CC1(O)C(=O)Nc2ccccc21)c1cccc(-n2cnnn2)c1,1165,93.1879926182162,111.57473684210525,<rdkit.Chem.rdchem.Mol object at 0x7a95021e0120>,,,,,,,,,,,,,,,,,,,,,,
compound_1068,COc1ccc(F)cc1S(=O)(=O)n1cnc2cc(C)c(C)cc21,188,108.05681502018145,60.0,<rdkit.Chem.rdchem.Mol object at 0x7a95021e0190>,,,,,,,,,,,,,,,,,,,,,,
compound_2608,CC(OC(=O)c1ccco1)C(=O)N1c2ccccc2CC1C,1161,91.72869408631703,70.38842975206612,<rdkit.Chem.rdchem.Mol object at 0x7a95021e0200>,,,,,,,,,,,,,,,,,,,,,,
compound_2489,O=C(Nc1cccnc1)c1cccc(S(=O)(=O)N2CCCC2)c1,61,161.37683822911345,55.7304347826087,<rdkit.Chem.rdchem.Mol object at 0x7a95021e0270>,,,,,,,,,,,,,,,,,,,,,,
compound_1385,Cc1csc2nc(-c3ccc(NS(=O)(=O)N(C)C)cc3)cn12,1154,105.80259845274,57.0,<rdkit.Chem.rdchem.Mol object at 0x7a95021e02e0>,,,,,,,,,,,,,,,,,,,,,,
compound_1974,CCOC(=O)C(C)Oc1ccc2c3c(c(=O)oc2c1C)CCC3,1140,131.04962557642784,75.25083612040135,<rdkit.Chem.rdchem.Mol object at 0x7a95021e0350>,,,,,,,,,,,,,,,,,,,,,,
compound_0146,O=C(c1cccs1)N1CCC(c2nc3ccccc3s2)CC1,1139,137.89101216010238,82.67355371900827,<rdkit.Chem.rdchem.Mol object at 0x7a95021e03c0>,,,,,,,,,,,,,,,,,,,,,,
compound_1961,O=C(NC1CCCc2ccccc21)c1cc2ccccc2oc1=O,1137,127.8062772826415,105.55555555555556,<rdkit.Chem.rdchem.Mol object at 0x7a95021e0430>,,,,,,,,,,,,,,,,,,,,,,
compound_0116,Cc1nn2c(=O)c3c([nH]c2c1-c1ccccc1)CCCC3,1135,67.8319593369885,85.88744588744589,<rdkit.Chem.rdchem.Mol object at 0x7a95021e04a0>,,,,,,,,,,,,,,,,,,,,,,
compound_2531,COc1ccc(-c2cc(C(F)(F)F)n3nc(N)nc3n2)cc1,1134,80.91980994112551,57.0,<rdkit.Chem.rdchem.Mol object at 0x7a95021e0510>,,,,,,,,,,,,,,,,,,,,,,
compound_1890,Cc1ccc(NC(=O)C2CC(=O)N(Cc3ccco3)C2)cc1,1133,137.94759947494936,67.37190082644628,<rdkit.Chem.rdchem.Mol object at 0x7a95021e0580>,,,,,,,,,,,,,,,,,,,,,,
compound_0318,Cn1c(=O)c2c(ncn2CC(=O)c2ccc(Cl)cc2)n(C)c1=O,1132,117.66936508733816,57.0,<rdkit.Chem.rdchem.Mol object at 0x7a95021e05f0>,,,,,,,,,,,,,,,,,,,,,,
compound_1748,COc1ccc2c(c1OC)C(=O)OC2CC(=O)c1ccccc1O,1131,60.04866898022984,73.22727272727273,<rdkit.Chem.rdchem.Mol object at 0x7a95021e0660>,,,,,,,,,,,,,,,,,,,,,,
compound_1264,O=C1CC(c2ccc(F)c(F)c2)c2cc3c(cc2N1)OCO3,1129,44.19633185486582,109.82296650717704,<rdkit.Chem.rdchem.Mol object at 0x7a95021e06d0>,,,,,,,,,,,,,,,,,,,,,,
compound_2848,O=C(CSc1ncnc2sc3c(c12)CCC3)N1CCCCC1,1128,145.7714543163527,84.84363636363636,<rdkit.Chem.rdchem.Mol object at 0x7a95021e0740>,,,,,,,,,,,,,,,,,,,,,,
compound_2913,CCn1nc(C)cc1-c1nnc2sc(C3CCCCC3)nn12,1127,55.74609411149445,86.81818181818181,<rdkit.Chem.rdchem.Mol object at 0x7a95021e07b0>,,,,,,,,,,,,,,,,,,,,,,
compound_0126,CCn1nc(C)cc1-c1nnc2sc(Cc3ccccc3)nn12,1126,85.23282639175558,80.0,<rdkit.Chem.rdchem.Mol object at 0x7a95021e0820>,,,,,,,,,,,,,,,,,,,,,,
compound_2934,Cc1ccc2c(c1)N(CC(=O)N(C)C1CCCCC1)C(=O)CO2,211,99.98154218785638,57.65217391304348,<rdkit.Chem.rdchem.Mol object at 0x7a95021e0890>,,,,,,,,,,,,,,,,,,,,,,
compound_0436,CC(OC(=O)c1cc(-c2ccc(F)cc2)nc2ccccc12)C(N)=O,1125,130.03464046968747,72.0,<rdkit.Chem.rdchem.Mol object at 0x7a95021e0900>,,,,,,,,,,,,,,,,,,,,,,
compound_1425,O=C(Cn1c(=O)oc2ccccc21)Nc1cccc(C(F)(F)F)c1,210,153.5848683712844,57.0,<rdkit.Chem.rdchem.Mol object at 0x7a95021e0970>,,,,,,,,,,,,,,,,,,,,,,
compound_2139,Cc1nc(NCc2ccco2)cc(-c2cncc(-c3ccccc3)c2)n1,1114,109.6771774793124,76.0,<rdkit.Chem.rdchem.Mol object at 0x7a95021e09e0>,,,,,,,,,,,,,,,,,,,,,,
compound_2762,Cc1cc(-c2ccccc2)nc2cc(C(=O)NCc3cccs3)nn12,202,144.7558472875025,80.0,<rdkit.Chem.rdchem.Mol object at 0x7a95021e0a50>,,,,,,,,,,,,,,,,,,,,,,
compound_1746,O=C1c2ccccc2NC(c2cccc(O)c2)N1Cc1ccco1,1111,76.96147166733816,101.5079365079365,<rdkit.Chem.rdchem.Mol object at 0x7a95021e0ac0>,,,,,,,,,,,,,,,,,,,,,,
compound_0678,Cc1cccn2c(=O)c3cc(C(=O)N4CCCC(C)C4)sc3nc12,1110,92.4978679657048,116.6,<rdkit.Chem.rdchem.Mol object at 0x7a95021e0b30>,,,,,,,,,,,,,,,,,,,,,,
compound_1910,O=C1OC(C(=O)NCCc2ccccc2)Cc2ccccc21,1105,107.60088339543488,62.231404958677686,<rdkit.Chem.rdchem.Mol object at 0x7a95021e0ba0>,,,,,,,,,,,,,,,,,,,,,,
compound_1130,COc1ccc(N2CC(NC(=O)NC3CCCC3)CC2=O)cc1,207,129.1293364622687,71.27759197324414,<rdkit.Chem.rdchem.Mol object at 0x7a95021e0c10>,,,,,,,,,,,,,,,,,,,,,,
compound_1672,Cn1c(-c2nonc2NC(=O)C(C)(C)C)nc2ccccc21,1102,83.31819589032084,57.0,<rdkit.Chem.rdchem.Mol object at 0x7a95021e0c80>,,,,,,,,,,,,,,,,,,,,,,
compound_0283,O=C(Nc1ccc2c(c1)OCO2)c1nn2cccnc2c1Cl,1082,112.47050701360678,81.6969696969697,<rdkit.Chem.rdchem.Mol object at 0x7a95021e0cf0>,,,,,,,,,,,,,,,,,,,,,,
compound_2760,Cn1c(=O)c2c(nc(NCCO)n2Cc2ccc(F)cc2)n(C)c1=O,1081,126.92052948380002,57.0,<rdkit.Chem.rdchem.Mol object at 0x7a95021e0d60>,,,,,,,,,,,,,,,,,,,,,,
compound_0690,Cc1cccc(-c2nsc(SCC(=O)NCC3CCCO3)n2)c1,1080,137.6127922583643,63.62948960302457,<rdkit.Chem.rdchem.Mol object at 0x7a95021e0dd0>,,,,,,,,,,,,,,,,,,,,,,
compound_2872,Cc1nn(C)c(C)c1C(=O)NC1C2CC3CC(C2)CC1C3,1078,49.41005165600684,121.87301587301587,<rdkit.Chem.rdchem.Mol object at 0x7a95021e0e40>,,,,,,,,,,,,,,,,,,,,,,
compound_1058,O=C1CCCCC1Oc1ccc2c3c(c(=O)oc2c1)CCC3,1077,68.526744597419,110.06993006993007,<rdkit.Chem.rdchem.Mol object at 0x7a95021e0eb0>,,,,,,,,,,,,,,,,,,,,,,
compound_1820,Cc1cc(C)cc(NC(=O)CSc2nc(=O)[nH]c3c2CCCC3)c1,0,144.54656943823173,55.080000000000005,<rdkit.Chem.rdchem.Mol object at 0x7a95021e0f20>,,,,,,,,,,,,,,,,,,,,,,
compound_1301,COn1c(-c2ccccc2)nc2c1CCc1nonc1-2,1053,27.297905192502807,79.12941176470589,<rdkit.Chem.rdchem.Mol object at 0x7a95021e0f90>,,,,,,,,,,,,,,,,,,,,,,
compound_2214,CC12CCC(C(=O)N(CCC#N)CCC#N)(CC1=O)C2(C)C,1052,27.068147164945096,59.56363636363636,<rdkit.Chem.rdchem.Mol object at 0x7a95021e1000>,,,,,,,,,,,,,,,,,,,,,,
compound_1024,O=C(COC(=O)c1ccccc1O)NC1CCCc2ccccc21,1048,133.88533609758878,68.22222222222223,<rdkit.Chem.rdchem.Mol object at 0x7a95021e1070>,,,,,,,,,,,,,,,,,,,,,,
compound_1070,CCC(C)NC(=O)c1noc2c1CCc1cc(OC)ccc1-2,1045,80.07456723772299,70.18939393939394,<rdkit.Chem.rdchem.Mol object at 0x7a95021e10e0>,,,,,,,,,,,,,,,,,,,,,,
compound_0205,O=C(c1ccc(F)cc1)N1CCN(c2nc3ccccc3s2)CC1,1044,150.75078985332914,85.45454545454545,<rdkit.Chem.rdchem.Mol object at 0x7a95021e1150>,,,,,,,,,,,,,,,,,,,,,,
compound_0096,Cc1cc(-c2ccccc2)nc2cc(C(=O)NCC3CCCO3)nn12,202,129.55021116360942,104.864,<rdkit.Chem.rdchem.Mol object at 0x7a95021e11c0>,,,,,,,,,,,,,,,,,,,,,,
compound_0734,Cc1ccc(S(=O)(=O)C2(C(=O)NC3CCCC3)CC2)cc1,69,79.52334297010609,66.26476190476191,<rdkit.Chem.rdchem.Mol object at 0x7a95021e1230>,,,,,,,,,,,,,,,,,,,,,,
compound_0366,CCOC(=O)C1=C(C)Nc2ncnn2C1c1ccc(F)cc1,201,103.31894320484312,69.22009569377991,<rdkit.Chem.rdchem.Mol object at 0x7a95021e12a0>,,,,,,,,,,,,,,,,,,,,,,
compound_0383,c1ccc(-c2ncc(-c3ccncc3)c(-c3cccnc3)n2)nc1,1035,74.63821409034949,72.0,<rdkit.Chem.rdchem.Mol object at 0x7a95021e1310>,,,,,,,,,,,,,,,,,,,,,,
compound_0009,COc1cccc(C2CC(c3cccc(OC)c3)n3nnnc3N2)c1,1029,73.0583050549968,103.75652173913042,<rdkit.Chem.rdchem.Mol object at 0x7a95021e1380>,,,,,,,,,,,,,,,,,,,,,,
compound_2537,CCCOC(=O)C(C)Oc1ccc2c3c(c(=O)oc2c1)CCC3,1028,136.28383121204328,71.07023411371237,<rdkit.Chem.rdchem.Mol object at 0x7a95021e13f0>,,,,,,,,,,,,,,,,,,,,,,
compound_0795,O=C(Nc1ccc(-c2nc3cccnc3s2)cc1)C1CCCO1,1023,115.38969712395996,100.34989648033127,<rdkit.Chem.rdchem.Mol object at 0x7a95021e1460>,,,,,,,,,,,,,,,,,,,,,,
compound_0280,COc1ccc2[nH]c3c(N4CCOCC4)ncnc3c2c1,198,84.85018392374623,81.42857142857143,<rdkit.Chem.rdchem.Mol object at 0x7a95021e14d0>,,,,,,,,,,,,,,,,,,,,,,
compound_1836,COCC1=C(C(=O)OC)C(c2ccc(Cl)cc2)n2ncnc2N1,1022,71.84527848504815,69.16704805491992,<rdkit.Chem.rdchem.Mol object at 0x7a95021e1540>,,,,,,,,,,,,,,,,,,,,,,
compound_1808,Cn1c(=O)c2c(nc3n2CCCN3CCc2ccccc2)n(C)c1=O,1016,93.26817088613086,91.8016,<rdkit.Chem.rdchem.Mol object at 0x7a95021e15b0>,,,,,,,,,,,,,,,,,,,,,,
compound_2528,O=C1CC(c2ccco2)Cc2nc(N3CCOCC3)ncc21,1014,62.58561185661381,103.41106719367589,<rdkit.Chem.rdchem.Mol object at 0x7a95021e1620>,,,,,,,,,,,,,,,,,,,,,,
compound_1624,CC12CCC(C(=O)NCc3cccnc3)(OC1=O)C2(C)C,1005,59.39690137630255,90.39999999999999,<rdkit.Chem.rdchem.Mol object at 0x7a95021e1690>,,,,,,,,,,,,,,,,,,,,,,
compound_1528,O=C(Cc1cn2ccsc2n1)Nc1cccc2cnccc12,1004,163.8871714990485,76.0,<rdkit.Chem.rdchem.Mol object at 0x7a95021e1700>,,,,,,,,,,,,,,,,,,,,,,
compound_0962,CC(C)(C)C(=O)Nc1ccccc1-c1nc2ccccc2[nH]c1=O,1003,93.63451504109923,57.0,<rdkit.Chem.rdchem.Mol object at 0x7a95021e1770>,,,,,,,,,,,,,,,,,,,,,,
compound_0470,Cc1ccc(N2CC(NC(=O)C3CC3)CC2=O)cc1C,998,95.12142364648123,74.80000000000001,<rdkit.Chem.rdchem.Mol object at 0x7a95021e17e0>,,,,,,,,,,,,,,,,,,,,,,
compound_0789,CC(C)OCCCNC(=O)C1CCCN(c2nc3ccccc3o2)C1,995,149.98881686005254,68.05333333333333,<rdkit.Chem.rdchem.Mol object at 0x7a95021e1850>,,,,,,,,,,,,,,,,,,,,,,
compound_1531,COc1ccc(OCc2nn3c(-c4cccnc4)nnc3s2)cc1,993,131.41097543135763,76.0,<rdkit.Chem.rdchem.Mol object at 0x7a95021e18c0>,,,,,,,,,,,,,,,,,,,,,,
compound_2206,c1csc(-c2cnc(N3CCC4(CC3)OCCO4)nc2)c1,988,61.777558810627085,103.63636363636364,<rdkit.Chem.rdchem.Mol object at 0x7a95021e1930>,,,,,,,,,,,,,,,,,,,,,,
compound_2753,O=C(Nc1ccc(F)cc1)N1CCC2(CC1)OCCO2,984,107.56184861361564,71.46666666666667,<rdkit.Chem.rdchem.Mol object at 0x7a95021e19a0>,,,,,,,,,,,,,,,,,,,,,,
compound_1725,CC(=O)C(C)Oc1cc(C)cc2oc(=O)c3c(c12)CCCC3,981,96.5783833431696,76.53146853146853,<rdkit.Chem.rdchem.Mol object at 0x7a95021e1a10>,,,,,,,,,,,,,,,,,,,,,,
compound_2348,Cn1c(C(=O)NCc2ccccn2)cc2cc(S(C)(=O)=O)ccc21,979,124.87261965142834,57.0,<rdkit.Chem.rdchem.Mol object at 0x7a95021e1a80>,,,,,,,,,,,,,,,,,,,,,,
compound_2243,COC(=O)c1cc(-c2c(C)nn(C)c2C)nc2c1c(C)nn2C,112,65.11193476876149,60.0,<rdkit.Chem.rdchem.Mol object at 0x7a95021e1af0>,,,,,,,,,,,,,,,,,,,,,,
compound_2240,CC1CN(c2oc(-c3ccccc3)nc2C#N)CC(C)O1,972,63.41253334477345,68.43290043290044,<rdkit.Chem.rdchem.Mol object at 0x7a95021e1b60>,,,,,,,,,,,,,,,,,,,,,,
compound_1695,Cc1cc(C(=O)OC(C)C(=O)NCc2ccco2)c2ccccc2n1,970,157.6000806696252,68.0,<rdkit.Chem.rdchem.Mol object at 0x7a95021e1bd0>,,,,,,,,,,,,,,,,,,,,,,
compound_1411,CCc1ccc(N2CCn3c2nc2c3c(=O)n(C)c(=O)n2C)cc1,969,94.2323927809233,94.83333333333334,<rdkit.Chem.rdchem.Mol object at 0x7a95021e1c40>,,,,,,,,,,,,,,,,,,,,,,
compound_0457,CC1CCCCN1S(=O)(=O)c1ccc(S(=O)(=O)N(C)C)cc1,967,103.96581084522154,55.917355371900825,<rdkit.Chem.rdchem.Mol object at 0x7a95021e1cb0>,,,,,,,,,,,,,,,,,,,,,,
compound_1886,COC(=O)c1c(NC2OC(=O)c3ccccc32)sc2c1CCC2,52,79.72759625430324,110.64426877470356,<rdkit.Chem.rdchem.Mol object at 0x7a95021e1d20>,,,,,,,,,,,,,,,,,,,,,,
compound_2703,O=c1[nH]c(CSc2ncnc3ccccc23)nc2ccccc12,961,121.8082232886248,76.0,<rdkit.Chem.rdchem.Mol object at 0x7a95021e1d90>,,,,,,,,,,,,,,,,,,,,,,
compound_1513,c1ccc(-c2nc(NC3CC3)cc(-c3cccnc3)n2)cc1,960,104.89012961805666,76.20779220779221,<rdkit.Chem.rdchem.Mol object at 0x7a95021e1e00>,,,,,,,,,,,,,,,,,,,,,,
compound_2763,COC(=O)c1c(C)oc(C)c1S(=O)(=O)N1CCCc2ccccc21,956,105.40182039061573,63.69565217391305,<rdkit.Chem.rdchem.Mol object at 0x7a95021e1e70>,,,,,,,,,,,,,,,,,,,,,,
compound_2287,COC(=O)Cc1c(C)c2ccc(OCC(=O)NC3CC3)cc2oc1=O,147,167.68696235032004,57.1104,<rdkit.Chem.rdchem.Mol object at 0x7a95021e1ee0>,,,,,,,,,,,,,,,,,,,,,,
compound_1287,Cn1c(=O)n(C)c2cc(S(=O)(=O)N3CCCC3)ccc21,951,98.9633565643084,62.2,<rdkit.Chem.rdchem.Mol object at 0x7a95021e1f50>,,,,,,,,,,,,,,,,,,,,,,
compound_1631,COc1ccc(-c2nc3n(n2)CC(O)CS3)cc1OC,949,44.90734673256679,67.46666666666667,<rdkit.Chem.rdchem.Mol object at 0x7a95021e1fc0>,,,,,,,,,,,,,,,,,,,,,,
compound_2764,COC(=O)C1=C(C)Nc2nc(SC)nn2C1c1ccco1,937,81.73365613014269,69.23809523809524,<rdkit.Chem.rdchem.Mol object at 0x7a95021e2030>,,,,,,,,,,,,,,,,,,,,,,
compound_1033,Cc1nc(-c2cccc(S(=O)(=O)N3CCCC3)c2)cs1,936,113.03406090069132,56.01052631578948,<rdkit.Chem.rdchem.Mol object at 0x7a95021e20a0>,,,,,,,,,,,,,,,,,,,,,,
compound_2502,O=C(Nc1ccc2c(c1)OCCO2)c1csc2c1CCCC2,934,136.0449573866712,83.6600790513834,<rdkit.Chem.rdchem.Mol object at 0x7a95021e2110>,,,,,,,,,,,,,,,,,,,,,,
compound_2857,Cn1nc(C(=O)N2CCc3ccccc32)c2ccccc2c1=O,933,90.61709373305156,87.1304347826087,<rdkit.Chem.rdchem.Mol object at 0x7a95021e2180>,,,,,,,,,,,,,,,,,,,,,,
compound_2275,Cc1cc(C)n2ncc(C(=O)NC(C)c3ccccc3)c2n1,931,136.69506807576687,68.0,<rdkit.Chem.rdchem.Mol object at 0x7a95021e21f0>,,,,,,,,,,,,,,,,,,,,,,
compound_2291,Fc1ccc(N2CCN(c3nc4cccnc4s3)CC2)cc1,930,93.84859158199409,81.52727272727273,<rdkit.Chem.rdchem.Mol object at 0x7a95021e2260>,,,,,,,,,,,,,,,,,,,,,,
compound_2374,NC(=O)CS(=O)(=O)c1nc2ccccc2n1Cc1cccc(F)c1,924,107.26151956228766,57.0,<rdkit.Chem.rdchem.Mol object at 0x7a95021e22d0>,,,,,,,,,,,,,,,,,,,,,,
compound_2828,Cc1cc(C(=O)Nc2nnc(C3CC3)s2)c2ccccc2n1,922,137.64615905199676,84.36363636363636,<rdkit.Chem.rdchem.Mol object at 0x7a95021e2340>,,,,,,,,,,,,,,,,,,,,,,
compound_0682,COc1cccc(C2CC(C(F)F)n3ncc(C#N)c3N2)c1,919,40.88438724841912,71.47727272727272,<rdkit.Chem.rdchem.Mol object at 0x7a95021e23b0>,,,,,,,,,,,,,,,,,,,,,,
compound_2363,COCCNC(=O)C(C)N1c2cccc3cccc(c23)S1(=O)=O,917,99.0422421566184,76.0,<rdkit.Chem.rdchem.Mol object at 0x7a95021e2420>,,,,,,,,,,,,,,,,,,,,,,
compound_1109,COc1cccc(OC)c1C(=O)Nc1sc2c(c1C#N)CCCC2,191,114.70642288544794,55.25,<rdkit.Chem.rdchem.Mol object at 0x7a95021e2490>,,,,,,,,,,,,,,,,,,,,,,
compound_2546,O=C(CSc1nnnn1-c1ccccc1)N1CCc2ccccc21,912,154.3163228018655,78.69166666666666,<rdkit.Chem.rdchem.Mol object at 0x7a95021e2500>,,,,,,,,,,,,,,,,,,,,,,
compound_1378,O=C1c2ccccc2CC1Sc1nnc(-c2cccnc2)o1,910,55.79590853578028,98.07070707070707,<rdkit.Chem.rdchem.Mol object at 0x7a95021e2570>,,,,,,,,,,,,,,,,,,,,,,
compound_0811,CC(=O)Nc1ccc(-c2cn3c4c(sc3n2)CCCC4)cc1,907,99.3729184409803,85.61983471074382,<rdkit.Chem.rdchem.Mol object at 0x7a95021e25e0>,,,,,,,,,,,,,,,,,,,,,,
compound_1487,O=C(CC(c1ccccc1)c1ccccc1O)NCc1ccco1,896,131.02583152773687,60.0,<rdkit.Chem.rdchem.Mol object at 0x7a95021e2650>,,,,,,,,,,,,,,,,,,,,,,
compound_0168,COc1cccc(-c2nn3c(-c4ccccn4)nnc3s2)c1,39,110.43473074280956,76.0,<rdkit.Chem.rdchem.Mol object at 0x7a95021e26c0>,,,,,,,,,,,,,,,,,,,,,,
compound_2049,CCOC(=O)C(Cc1ccc(OC)cc1)c1nc2ccccc2[nH]1,892,108.75601041489156,64.0,<rdkit.Chem.rdchem.Mol object at 0x7a95021e2730>,,,,,,,,,,,,,,,,,,,,,,
compound_1206,Cc1cc2ncn(S(=O)(=O)c3ccc(F)cc3)c2cc1C,188,94.28107059719896,57.0,<rdkit.Chem.rdchem.Mol object at 0x7a95021e27a0>,,,,,,,,,,,,,,,,,,,,,,
compound_0966,Cc1ccc(-c2cc(C(=O)NCC3CCCO3)c3ccccc3n2)o1,888,145.83127962704748,104.92307692307692,<rdkit.Chem.rdchem.Mol object at 0x7a95021e2810>,,,,,,,,,,,,,,,,,,,,,,
compound_0867,COc1ccc(CN2CC(C(=O)N3CCOCC3)CC2=O)cc1,886,130.58464016566515,70.36789297658864,<rdkit.Chem.rdchem.Mol object at 0x7a95021e2880>,,,,,,,,,,,,,,,,,,,,,,
compound_0261,O=C(Nc1ccc2c(c1)OCO2)c1noc2c1CCc1ccccc1-2,881,130.7556191826441,124.97454545454545,<rdkit.Chem.rdchem.Mol object at 0x7a95021e28f0>,,,,,,,,,,,,,,,,,,,,,,
compound_2641,Cc1c(C(=O)OC2CCCC2C)[nH]c2c1C(=O)CCC2,878,52.96811083858916,76.36923076923077,<rdkit.Chem.rdchem.Mol object at 0x7a95021e2960>,,,,,,,,,,,,,,,,,,,,,,
compound_0756,COc1ccc(NC(=O)C2=C(C)NC(=O)NC2c2ccccc2)cc1,877,114.26702963611552,69.17454545454545,<rdkit.Chem.rdchem.Mol object at 0x7a95021e29d0>,,,,,,,,,,,,,,,,,,,,,,
compound_2517,O=C(NCc1ccco1)C1CCCN1C(=O)Nc1cccc(F)c1,165,151.58827234542662,68.12121212121212,<rdkit.Chem.rdchem.Mol object at 0x7a95021e2a40>,,,,,,,,,,,,,,,,,,,,,,
compound_1451,Fc1ccc(-c2cc(N3CCOCC3)nc(-c3cccnc3)n2)cc1,868,90.93742080370104,81.02260869565218,<rdkit.Chem.rdchem.Mol object at 0x7a95021e2ab0>,,,,,,,,,,,,,,,,,,,,,,
compound_1113,CC1CCCCC1NC(=O)COc1ncnc2sc3c(c12)CCC3,100,137.92365720856824,109.3103448275862,<rdkit.Chem.rdchem.Mol object at 0x7a95021e2b20>,,,,,,,,,,,,,,,,,,,,,,
compound_1152,COc1ccc2c(c1OC)C(=O)N(c1ccc(C(C)=O)cc1)C2,181,37.80194100264371,55.280632411067195,<rdkit.Chem.rdchem.Mol object at 0x7a95021e2b90>,,,,,,,,,,,,,,,,,,,,,,
compound_2679,CS(=O)(=O)c1cccc(N2CCN(CC3CCCCO3)C2=O)c1,863,65.9700137981742,79.01217391304348,<rdkit.Chem.rdchem.Mol object at 0x7a95021e2c00>,,,,,,,,,,,,,,,,,,,,,,
compound_0425,O=C(NCc1ccc2c(c1)OCO2)c1ccc(C(F)(F)F)cc1,862,154.7189310264895,55.318077803203664,<rdkit.Chem.rdchem.Mol object at 0x7a95021e2c70>,,,,,,,,,,,,,,,,,,,,,,
compound_1373,COc1ccccc1Nc1nc(N2CCOCC2)c2cnn(C)c2n1,860,120.74626704032173,84.7304347826087,<rdkit.Chem.rdchem.Mol object at 0x7a95021e2ce0>,,,,,,,,,,,,,,,,,,,,,,
compound_0752,Cc1ccc(C)c(C(=O)Nc2cc(C)nn2-c2nc(C)cc(C)n2)c1,859,130.66381087171197,57.0,<rdkit.Chem.rdchem.Mol object at 0x7a95021e2d50>,,,,,,,,,,,,,,,,,,,,,,
compound_1324,NS(=O)(=O)Oc1ccc2c3c(c(=O)oc2c1)CCCCC3,856,81.86594838970578,60.31578947368421,<rdkit.Chem.rdchem.Mol object at 0x7a95021e2dc0>,,,,,,,,,,,,,,,,,,,,,,
compound_2394,c1nc(NCc2ccc3c(c2)OCO3)c2nc[nH]c2n1,853,119.68797135580024,73.56,<rdkit.Chem.rdchem.Mol object at 0x7a95021e2e30>,,,,,,,,,,,,,,,,,,,,,,
compound_1712,Cc1cc(C)c2c(N)c(S(=O)(=O)c3ccccc3)sc2n1,851,71.45045938875558,57.0,<rdkit.Chem.rdchem.Mol object at 0x7a95021e2ea0>,,,,,,,,,,,,,,,,,,,,,,
compound_1990,CC(=O)OC1N=C(c2ccccc2)c2cc(Cl)ccc2N(C)C1=O,850,32.284190603315686,73.28571428571428,<rdkit.Chem.rdchem.Mol object at 0x7a95021e2f10>,,,,,,,,,,,,,,,,,,,,,,
compound_2124,Nc1nc(Cn2nnc(-c3ccncc3)n2)nc(N2CCCCC2)n1,848,107.22049218347546,81.42857142857143,<rdkit.Chem.rdchem.Mol object at 0x7a95021e2f80>,,,,,,,,,,,,,,,,,,,,,,
compound_2520,CC(C)Cn1c(N2CCOCC2)nc2c1c(=O)[nH]c(=O)n2C,138,90.94660123430364,57.984189723320156,<rdkit.Chem.rdchem.Mol object at 0x7a95021e2ff0>,,,,,,,,,,,,,,,,,,,,,,
compound_1679,O=C(Nc1ccc(-c2nnc3n2CCCCC3)cc1)C1CCC1,180,143.85634635738666,85.91304347826086,<rdkit.Chem.rdchem.Mol object at 0x7a95021e3060>,,,,,,,,,,,,,,,,,,,,,,
compound_2735,COC(=O)C1Cc2ccccc2CN1S(=O)(=O)c1ccc(F)cc1,841,93.23695763703712,79.8452380952381,<rdkit.Chem.rdchem.Mol object at 0x7a95021e30d0>,,,,,,,,,,,,,,,,,,,,,,
compound_2557,Cc1cc(C)n2nc(C(=O)Nc3nnc(C4CC4)s3)nc2n1,840,116.53963184931318,88.13636363636364,<rdkit.Chem.rdchem.Mol object at 0x7a95021e3140>,,,,,,,,,,,,,,,,,,,,,,
compound_1198,CC1CC(C)CN(C(=O)CSc2nnc(-c3cccs3)o2)C1,129,135.74845454011816,68.74308300395256,<rdkit.Chem.rdchem.Mol object at 0x7a95021e31b0>,,,,,,,,,,,,,,,,,,,,,,
compound_1028,CC(=O)c1c(C(C)=O)c(C)n(Cc2ccc3c(c2)OCO3)c1C,834,80.06651058927135,58.23913043478261,<rdkit.Chem.rdchem.Mol object at 0x7a95021e3220>,,,,,,,,,,,,,,,,,,,,,,
compound_0820,c1ccc(-c2cnn3c(-c4ccccc4)cnc3n2)cc1,833,46.13446805171637,72.0,<rdkit.Chem.rdchem.Mol object at 0x7a95021e3290>,,,,,,,,,,,,,,,,,,,,,,
compound_1039,Cc1cc(-c2nnc(SCC(=O)N3C(C)CCCC3C)o2)no1,176,94.79484693957914,72.6195652173913,<rdkit.Chem.rdchem.Mol object at 0x7a95021e3300>,,,,,,,,,,,,,,,,,,,,,,
compound_2210,CCCSc1nnc2c(n1)OC(C)Nc1ccccc1-2,825,58.161191102613294,61.10526315789473,<rdkit.Chem.rdchem.Mol object at 0x7a95021e3370>,,,,,,,,,,,,,,,,,,,,,,
compound_1694,COC(=O)c1ccc(C2OCCc3cc(OC)c(OC)cc32)cc1,821,40.0702341394617,71.23,<rdkit.Chem.rdchem.Mol object at 0x7a95021e33e0>,,,,,,,,,,,,,,,,,,,,,,
compound_0353,OC(COc1ccccc1Br)Cn1cnc2ccccc21,51,144.12217536321145,60.0,<rdkit.Chem.rdchem.Mol object at 0x7a95021e3450>,,,,,,,,,,,,,,,,,,,,,,
compound_0607,O=C(Nc1ncnc2sc3c(c12)CCC3)c1ccco1,820,101.46743684079344,80.69411764705882,<rdkit.Chem.rdchem.Mol object at 0x7a95021e34c0>,,,,,,,,,,,,,,,,,,,,,,
compound_2816,CC(=O)N1CCN(S(=O)(=O)c2ccc(C)cc2)C1c1ccccc1,818,79.87025273338988,79.71739130434783,<rdkit.Chem.rdchem.Mol object at 0x7a95021e3530>,,,,,,,,,,,,,,,,,,,,,,
compound_1383,O=C(c1cc(-c2ccc(O)cc2)on1)N1CCN(c2ccccc2)CC1,62,135.96905117926522,85.12820512820512,<rdkit.Chem.rdchem.Mol object at 0x7a95021e35a0>,,,,,,,,,,,,,,,,,,,,,,
compound_2258,CCOc1ccc2[nH]c3c(N4CCCC4)ncnc3c2c1,22,92.03596558834543,81.26406926406928,<rdkit.Chem.rdchem.Mol object at 0x7a95021e3610>,,,,,,,,,,,,,,,,,,,,,,
compound_1559,Cc1ccc(CNC(=O)C2CNc3cc(C)ccc3O2)cc1,816,72.149426823712,66.27667984189723,<rdkit.Chem.rdchem.Mol object at 0x7a95021e3680>,,,,,,,,,,,,,,,,,,,,,,
compound_1503,CCCCc1nc2sc3c(NCCO)ncnc3c2c2c1CCC2,813,126.36043713107244,83.33333333333334,<rdkit.Chem.rdchem.Mol object at 0x7a95021e36f0>,,,,,,,,,,,,,,,,,,,,,,
compound_1550,CC(=O)Nc1ccccc1C(=O)N1CCCCC1c1cccnc1,812,107.63284919250586,69.06666666666666,<rdkit.Chem.rdchem.Mol object at 0x7a95021e3760>,,,,,,,,,,,,,,,,,,,,,,
compound_0617,Cc1ccc(N2CC(NC(=O)N3CCC(C(N)=O)CC3)CC2=O)cc1,811,136.3966201152954,79.68,<rdkit.Chem.rdchem.Mol object at 0x7a95021e37d0>,,,,,,,,,,,,,,,,,,,,,,
compound_0026,CCS(=O)(=O)Nc1ccc(C(=O)Nc2ccc3c(c2)OCO3)cc1,4,154.34563052764057,55.263157894736835,<rdkit.Chem.rdchem.Mol object at 0x7a95021e3840>,,,,,,,,,,,,,,,,,,,,,,
compound_2543,O=C(Nc1ccc2c(c1)OCO2)c1ncn(-c2ccccc2)n1,809,136.66992151231673,77.5549872122762,<rdkit.Chem.rdchem.Mol object at 0x7a95021e38b0>,,,,,,,,,,,,,,,,,,,,,,
compound_2802,CC1CCc2c(sc3ncn(-n4cccc4)c(=O)c23)C1,805,51.74216468783713,106.0,<rdkit.Chem.rdchem.Mol object at 0x7a95021e3920>,,,,,,,,,,,,,,,,,,,,,,
compound_0300,CC1CCN(C(=O)Cn2nc(-c3ccc(Cl)cc3)ccc2=O)CC1,801,139.82241220485898,56.099999999999994,<rdkit.Chem.rdchem.Mol object at 0x7a95021e3990>,,,,,,,,,,,,,,,,,,,,,,
compound_1461,Cc1ccc(S(=O)(=O)N2CCN(C(=O)c3ccccc3)C2)cc1,133,90.91692556346408,57.80124223602484,<rdkit.Chem.rdchem.Mol object at 0x7a95021e3a00>,,,,,,,,,,,,,,,,,,,,,,
compound_0410,O=C(NC1CCCCC1NC(=O)c1ccccc1)c1ccccc1,799,64.71304287377835,65.76923076923077,<rdkit.Chem.rdchem.Mol object at 0x7a95021e3a70>,,,,,,,,,,,,,,,,,,,,,,
compound_0109,O=c1c2c(n(Cc3ccc(Cl)cc3)c3ncnn13)CCCC2,798,80.10458393414656,85.54112554112555,<rdkit.Chem.rdchem.Mol object at 0x7a95021e3ae0>,,,,,,,,,,,,,,,,,,,,,,
compound_0838,COC(=O)c1c(NC2OC(=O)c3ccccc32)sc(C)c1C,52,67.50919134017735,73.3090909090909,<rdkit.Chem.rdchem.Mol object at 0x7a95021e3b50>,,,,,,,,,,,,,,,,,,,,,,
compound_2510,OC(COc1ccccc1F)Cn1cnc2ccccc21,51,134.1772589313713,60.0,<rdkit.Chem.rdchem.Mol object at 0x7a95021e3bc0>,,,,,,,,,,,,,,,,,,,,,,
compound_0757,OC(c1ccccc1)C(c1ccccc1)c1ccccn1,785,55.38659036322948,56.0,<rdkit.Chem.rdchem.Mol object at 0x7a95021e3c30>,,,,,,,,,,,,,,,,,,,,,,
compound_1805,CCNS(=O)(=O)c1ccc(NC(=O)c2ccc3c(c2)OCO3)cc1,14,167.14416445166728,55.263157894736835,<rdkit.Chem.rdchem.Mol object at 0x7a95021e3ca0>,,,,,,,,,,,,,,,,,,,,,,
compound_1043,CCC(C)OC(=O)C1C(C)=NC2(O)c3ccccc3C(=O)C12O,781,25.3337469415026,91.90260869565218,<rdkit.Chem.rdchem.Mol object at 0x7a95021e3d10>,,,,,,,,,,,,,,,,,,,,,,
compound_1765,CCC(=O)N1CCC2(CC1)OCCN2S(=O)(=O)c1cccs1,774,93.26325865574988,83.3596837944664,<rdkit.Chem.rdchem.Mol object at 0x7a95021e3d80>,,,,,,,,,,,,,,,,,,,,,,
compound_0166,O=C(CCNS(=O)(=O)c1cccc2nonc12)NC1CCCC1,773,143.96225574813508,55.927536231884055,<rdkit.Chem.rdchem.Mol object at 0x7a95021e3df0>,,,,,,,,,,,,,,,,,,,,,,
compound_0449,COC(=O)C1(C)Nc2ccccc2C(=O)N1c1ccccc1C,772,27.709945567244723,77.35177865612647,<rdkit.Chem.rdchem.Mol object at 0x7a95021e3e60>,,,,,,,,,,,,,,,,,,,,,,
compound_1055,O=C(Cc1ccccc1F)NC1CCCc2ccccc21,765,119.8914881919784,64.472049689441,<rdkit.Chem.rdchem.Mol object at 0x7a95021e3ed0>,,,,,,,,,,,,,,,,,,,,,,
compound_2017,O=C(NCc1ccco1)C1CCCN1C(=O)Nc1ccc(Cl)cc1,165,149.88991415980723,68.12121212121212,<rdkit.Chem.rdchem.Mol object at 0x7a95021e3f40>,,,,,,,,,,,,,,,,,,,,,,
compound_0855,Cc1nnc(SC2c3ccccc3-c3ccccc32)n(N)c1=O,762,27.72466371360364,85.63386727688787,<rdkit.Chem.rdchem.Mol object at 0x7a9502398040>,,,,,,,,,,,,,,,,,,,,,,
compound_0115,CC1=C(C(=O)OCC2CCCO2)C(c2ccc(F)cc2)NC(=O)N1,82,93.6775556785892,73.01736111111111,<rdkit.Chem.rdchem.Mol object at 0x7a95023980b0>,,,,,,,,,,,,,,,,,,,,,,
compound_1887,CSc1nc2c(c(=O)n1CCc1ccccc1)SC(C)C2,752,91.55630619913757,66.21645021645021,<rdkit.Chem.rdchem.Mol object at 0x7a9502398120>,,,,,,,,,,,,,,,,,,,,,,
compound_2473,Cc1ccc(CNC(=O)C2CC(=O)OC23CCCC3)c(C)c1,750,72.64310599924153,97.36363636363636,<rdkit.Chem.rdchem.Mol object at 0x7a9502398190>,,,,,,,,,,,,,,,,,,,,,,
compound_1042,Cc1ccc2nc(N(Cc3cccnc3)C(=O)c3ccco3)sc2c1,748,177.4606841545226,80.0,<rdkit.Chem.rdchem.Mol object at 0x7a9502398200>,,,,,,,,,,,,,,,,,,,,,,
compound_0642,Cn1c(=O)[nH]c(=O)c2c1nc1n2CCCN1c1cccc(Cl)c1,741,69.5966884762703,92.53089244851257,<rdkit.Chem.rdchem.Mol object at 0x7a9502398270>,,,,,,,,,,,,,,,,,,,,,,
compound_2617,N#CC(C(=O)c1ccccc1Cl)c1nc2ccccc2[nH]1,731,93.94466302886916,64.0,<rdkit.Chem.rdchem.Mol object at 0x7a95023982e0>,,,,,,,,,,,,,,,,,,,,,,
compound_2339,O=C(c1cccc2nc3ccccc3nc12)N1CCOCC1,730,79.55825036526834,81.5930735930736,<rdkit.Chem.rdchem.Mol object at 0x7a9502398350>,,,,,,,,,,,,,,,,,,,,,,
compound_1078,O=C1c2ccccc2NCN1CC(O)c1cccc2ccccc12,729,60.8768555624707,101.44927536231884,<rdkit.Chem.rdchem.Mol object at 0x7a95023983c0>,,,,,,,,,,,,,,,,,,,,,,
compound_0705,O=c1c2c3c(sc2ncn1CCc1ccccc1)CCC3,727,132.1285340015817,80.1948051948052,<rdkit.Chem.rdchem.Mol object at 0x7a9502398430>,,,,,,,,,,,,,,,,,,,,,,
compound_1271,N#Cc1cnn2cc(-c3ncc(C(F)(F)F)cc3Cl)cnc12,726,47.7133413130447,57.0,<rdkit.Chem.rdchem.Mol object at 0x7a95023984a0>,,,,,,,,,,,,,,,,,,,,,,
compound_2368,CC1CCc2c(sc(NC(=O)c3ccccc3)c2C(N)=O)C1,46,136.90082735643415,72.77685950413223,<rdkit.Chem.rdchem.Mol object at 0x7a9502398510>,,,,,,,,,,,,,,,,,,,,,,
compound_2137,Cc1ccc(N2CC(C(=O)NCC3CCCO3)CC2=O)cc1Cl,162,136.58936013872926,74.76588628762542,<rdkit.Chem.rdchem.Mol object at 0x7a9502398580>,,,,,,,,,,,,,,,,,,,,,,
compound_0094,O=C(Nc1ccc2c(c1)CCC2)c1nc2ncccn2n1,161,126.9583604288059,80.52380952380952,<rdkit.Chem.rdchem.Mol object at 0x7a95023985f0>,,,,,,,,,,,,,,,,,,,,,,
compound_2963,CC(C(=O)c1ccccc1)n1nnc2ccccc2c1=O,714,85.51612222638221,64.0,<rdkit.Chem.rdchem.Mol object at 0x7a9502398660>,,,,,,,,,,,,,,,,,,,,,,
compound_0241,COC(=O)c1cc(NC2OC(=O)c3ccccc32)cc(C(=O)OC)c1,52,69.41310736657941,73.23428571428572,<rdkit.Chem.rdchem.Mol object at 0x7a95023986d0>,,,,,,,,,,,,,,,,,,,,,,
compound_2285,CC1(C)C2CCC1(CS(=O)(=O)Nc1ccc(F)cc1)C(=O)C2,710,65.50155153046641,95.67999999999999,<rdkit.Chem.rdchem.Mol object at 0x7a9502398740>,,,,,,,,,,,,,,,,,,,,,,
compound_2824,O=C(c1ccccc1)C(CC(=O)N1CCOCC1)c1ccccc1,700,85.04587441498178,63.84615384615385,<rdkit.Chem.rdchem.Mol object at 0x7a95023987b0>,,,,,,,,,,,,,,,,,,,,,,
compound_0993,N#Cc1nc(-c2ccccc2F)oc1NCC1CCCO1,699,91.48008790264112,64.28571428571428,<rdkit.Chem.rdchem.Mol object at 0x7a9502398820>,,,,,,,,,,,,,,,,,,,,,,
compound_0343,CC1CCCC(NC(=O)CCN2C(=O)COc3ccccc32)C1C,698,103.62864776025228,74.28055555555555,<rdkit.Chem.rdchem.Mol object at 0x7a9502398890>,,,,,,,,,,,,,,,,,,,,,,
compound_2501,O=C(Nc1ccc2c(c1)OCCO2)c1cncc(-c2cccs2)c1,692,130.7607881551396,78.85000000000001,<rdkit.Chem.rdchem.Mol object at 0x7a9502398900>,,,,,,,,,,,,,,,,,,,,,,
compound_2770,COC(=O)c1nn(-c2cccc(C)c2)c2nc3ccccc3n12,691,75.15110601444651,84.0,<rdkit.Chem.rdchem.Mol object at 0x7a9502398970>,,,,,,,,,,,,,,,,,,,,,,
compound_0492,Cc1ccc2oc(=O)n(CCc3noc(-c4cccs4)n3)c2c1,686,109.31709285246788,80.0,<rdkit.Chem.rdchem.Mol object at 0x7a95023989e0>,,,,,,,,,,,,,,,,,,,,,,
compound_2099,Cc1ccc2[nH]cc(CCNC(=O)C3CCCO3)c2c1,130,130.44684486694143,64.17391304347827,<rdkit.Chem.rdchem.Mol object at 0x7a9502398a50>,,,,,,,,,,,,,,,,,,,,,,
compound_2443,CCOc1ccc(N2CC(C(=O)N3CC(C)CC(C)C3)CC2=O)cc1,114,117.31719424098694,79.2,<rdkit.Chem.rdchem.Mol object at 0x7a9502398ac0>,,,,,,,,,,,,,,,,,,,,,,
compound_2890,N#Cc1cc2cc3c(cc2nc1SCc1cccnc1)OCCO3,680,105.70772804268698,78.71428571428572,<rdkit.Chem.rdchem.Mol object at 0x7a9502398b30>,,,,,,,,,,,,,,,,,,,,,,
compound_1843,CC1(C)C(=O)C2(C(=O)Nc3cccc(C(F)(F)F)c3)CCC1C2,677,65.0013474261401,99.84615384615385,<rdkit.Chem.rdchem.Mol object at 0x7a9502398ba0>,,,,,,,,,,,,,,,,,,,,,,
compound_0947,Cn1nc(C2CC2)cc1C(=O)NC12CC3CC(CC(C3)C1)C2,665,54.81601063223294,173.2840909090909,<rdkit.Chem.rdchem.Mol object at 0x7a9502398c10>,,,,,,,,,,,,,,,,,,,,,,
compound_0396,O=C(Nc1ccc2sccc2c1)C1COc2ccccc2O1,664,124.99094979414056,98.0909090909091,<rdkit.Chem.rdchem.Mol object at 0x7a9502398c80>,,,,,,,,,,,,,,,,,,,,,,
compound_2688,O=C(Nc1cccc(NC(=O)C2CCCO2)c1)c1ccco1,661,132.5768173603466,64.36363636363636,<rdkit.Chem.rdchem.Mol object at 0x7a9502398cf0>,,,,,,,,,,,,,,,,,,,,,,
compound_1038,Cc1ccc(N2C(=O)c3[nH]nc(C)c3C2c2cccnc2)cc1,659,61.29238320965142,106.56521739130434,<rdkit.Chem.rdchem.Mol object at 0x7a9502398d60>,,,,,,,,,,,,,,,,,,,,,,
compound_2733,COc1ccc2cc3cc(C(=O)N4CCC(C)CC4)oc3nc2c1,150,123.11550600047026,90.39423076923077,<rdkit.Chem.rdchem.Mol object at 0x7a9502398dd0>,,,,,,,,,,,,,,,,,,,,,,
compound_2044,O=C(NC1CC(=O)N(c2ccc3c(c2)OCCO3)C1)N1CCCC1,655,126.47624538734736,109.80769230769229,<rdkit.Chem.rdchem.Mol object at 0x7a9502398e40>,,,,,,,,,,,,,,,,,,,,,,
compound_2941,COc1ccc2cc3cc(C(=O)N4CCCC(C)C4)oc3nc2c1,150,119.73052631366616,111.39423076923077,<rdkit.Chem.rdchem.Mol object at 0x7a9502398eb0>,,,,,,,,,,,,,,,,,,,,,,
compound_2319,CC(=O)c1c(C)oc2ccc(NS(=O)(=O)c3ccc(F)cc3)cc12,649,138.1290053741454,60.0,<rdkit.Chem.rdchem.Mol object at 0x7a9502398f20>,,,,,,,,,,,,,,,,,,,,,,
compound_1798,O=C(Nc1nncs1)c1cc(-c2cccs2)nc2ccccc12,648,144.58922349355572,76.0,<rdkit.Chem.rdchem.Mol object at 0x7a9502398f90>,,,,,,,,,,,,,,,,,,,,,,
compound_2314,COc1ccccc1-n1ccc(=O)c2c1CC(C)(C)CC2=O,642,49.13455252081701,60.88636363636364,<rdkit.Chem.rdchem.Mol object at 0x7a9502399000>,,,,,,,,,,,,,,,,,,,,,,
compound_0411,CC1CCCCC1NC(=O)COC(=O)c1ccc2ccccc2n1,146,143.6741199667435,69.62962962962963,<rdkit.Chem.rdchem.Mol object at 0x7a9502399070>,,,,,,,,,,,,,,,,,,,,,,
compound_0826,Cc1c(NC2OC(=O)c3ccccc32)c(=O)n(-c2ccccc2)n1C,641,68.5559981268424,111.52000000000001,<rdkit.Chem.rdchem.Mol object at 0x7a95023990e0>,,,,,,,,,,,,,,,,,,,,,,
compound_1031,CC(C)COC(=O)C1C2C=CC3(CN(Cc4ccccc4)C(=O)C13)O2,636,46.35317016955877,144.13333333333333,<rdkit.Chem.rdchem.Mol object at 0x7a9502399150>,,,,,,,,,,,,,,,,,,,,,,
compound_0800,O=S(=O)(c1ccc(N2CCCCC2)cc1)N1CCOCC1,632,112.07388590805226,56.57142857142857,<rdkit.Chem.rdchem.Mol object at 0x7a95023991c0>,,,,,,,,,,,,,,,,,,,,,,
compound_2470,CCc1cccc(C)c1NC1OC(=O)c2c1ccc(OC)c2OC,631,86.1286925150424,73.14,<rdkit.Chem.rdchem.Mol object at 0x7a9502399230>,,,,,,,,,,,,,,,,,,,,,,
compound_1384,Cc1ccc(NC(=O)C2C3CC4OC(=O)C2C4C3)c(C)c1,630,38.05462616708451,119.58974358974359,<rdkit.Chem.rdchem.Mol object at 0x7a95023992a0>,,,,,,,,,,,,,,,,,,,,,,
compound_2177,Cc1cccc(N2CC(C)Cn3c2nc2c3c(=O)[nH]c(=O)n2C)c1,629,58.17886349354481,119.25,<rdkit.Chem.rdchem.Mol object at 0x7a9502399310>,,,,,,,,,,,,,,,,,,,,,,
compound_0578,Cc1ccc2nc(-c3cccc(S(=O)(=O)N(C)C)c3)cn2c1,619,101.68480290015876,57.0,<rdkit.Chem.rdchem.Mol object at 0x7a9502399380>,,,,,,,,,,,,,,,,,,,,,,
compound_1365,Cc1ccc(N2CC(C(=O)Nc3ccccn3)CC2=O)cc1C,617,127.16527509669731,71.47069943289225,<rdkit.Chem.rdchem.Mol object at 0x7a95023993f0>,,,,,,,,,,,,,,,,,,,,,,
compound_2970,Cc1c(CCC(=O)N2CCCC2)c(=O)oc2c(C)c(O)ccc12,614,122.77618912156166,58.33444816053512,<rdkit.Chem.rdchem.Mol object at 0x7a9502399460>,,,,,,,,,,,,,,,,,,,,,,
compound_2499,CC1CCN(C(=O)CSc2nc3ccccc3c(=O)n2C)CC1,613,140.97517337184578,56.02608695652174,<rdkit.Chem.rdchem.Mol object at 0x7a95023994d0>,,,,,,,,,,,,,,,,,,,,,,
compound_2180,Cc1c(C(=O)NCc2ccc3c(c2)OCO3)oc2ccccc12,602,148.0009451620846,81.49068322981365,<rdkit.Chem.rdchem.Mol object at 0x7a9502399540>,,,,,,,,,,,,,,,,,,,,,,
compound_0478,O=C(c1noc2c1CCCC2)N1CCN(c2ccc(F)cc2)CC1,601,124.2013523251758,89.23076923076923,<rdkit.Chem.rdchem.Mol object at 0x7a95023995b0>,,,,,,,,,,,,,,,,,,,,,,
compound_1439,Nc1nc2n(n1)C(c1ccccc1)CC(c1ccccc1)N2,598,61.14075081075489,99.40454545454544,<rdkit.Chem.rdchem.Mol object at 0x7a9502399620>,,,,,,,,,,,,,,,,,,,,,,
compound_1303,c1cncc(-c2ncc(-c3ccncn3)c(-c3cccnc3)n2)c1,597,64.75327547062324,72.0,<rdkit.Chem.rdchem.Mol object at 0x7a9502399690>,,,,,,,,,,,,,,,,,,,,,,
compound_1120,CCOc1ccc(-c2nn3c(-c4ccccn4)nnc3s2)cc1,39,113.47080151288448,76.0,<rdkit.Chem.rdchem.Mol object at 0x7a9502399700>,,,,,,,,,,,,,,,,,,,,,,
compound_2586,CC1(C)OC(=O)N(CC(=O)Nc2cccc(C(F)(F)F)c2)C1(C)O,592,84.69176507456208,62.27272727272727,<rdkit.Chem.rdchem.Mol object at 0x7a9502399770>,,,,,,,,,,,,,,,,,,,,,,
compound_1752,Cc1cc(=O)oc2cc(OCC(=O)N3CCc4ccccc4C3)ccc12,55,170.03312733028312,87.91420118343196,<rdkit.Chem.rdchem.Mol object at 0x7a95023997e0>,,,,,,,,,,,,,,,,,,,,,,
compound_1650,CC(C)CCn1c(N2CCOCC2)nc2c1c(=O)[nH]c(=O)n2C,138,94.25212298445184,57.756521739130434,<rdkit.Chem.rdchem.Mol object at 0x7a9502399850>,,,,,,,,,,,,,,,,,,,,,,
compound_2863,O=C(NC1C2CC3CC(C2)CC1C3)c1ccnn1C(F)F,587,52.58808442964215,116.53846153846153,<rdkit.Chem.rdchem.Mol object at 0x7a95023998c0>,,,,,,,,,,,,,,,,,,,,,,
compound_2082,CN1C(=O)C2(OCC(COc3ccc(Cl)cc3)O2)c2ccccc21,581,47.798782118806855,136.30434782608697,<rdkit.Chem.rdchem.Mol object at 0x7a9502399930>,,,,,,,,,,,,,,,,,,,,,,
compound_2001,Cc1cccc(C(=O)OC2CCS(=O)(=O)c3sccc32)c1,579,65.0229295058107,76.06015037593986,<rdkit.Chem.rdchem.Mol object at 0x7a95023999a0>,,,,,,,,,,,,,,,,,,,,,,
compound_2057,CC(Sc1nnnn1C)C(=O)N1CCc2ccccc21,577,106.09020436711296,66.31111111111112,<rdkit.Chem.rdchem.Mol object at 0x7a9502399a10>,,,,,,,,,,,,,,,,,,,,,,
compound_1880,CC1CN(C(=O)Cn2nnc(-c3cccs3)n2)CC(C)O1,574,97.04742792035258,67.96190476190476,<rdkit.Chem.rdchem.Mol object at 0x7a9502399a80>,,,,,,,,,,,,,,,,,,,,,,
compound_0758,O=C(NCCc1ccccc1)C1CC(=O)N(C2CCCCC2)C1,137,127.95477711889612,67.43478260869566,<rdkit.Chem.rdchem.Mol object at 0x7a9502399af0>,,,,,,,,,,,,,,,,,,,,,,
compound_0805,CC1CCc2c(sc3ncnc(N4CCOCC4)c23)C1,569,76.2153876648655,104.5,<rdkit.Chem.rdchem.Mol object at 0x7a9502399b60>,,,,,,,,,,,,,,,,,,,,,,
compound_0407,Cc1cccc(NS(=O)(=O)c2cc3c4c(c2)CCN4C(=O)CC3)c1,566,128.89294065678433,98.0,<rdkit.Chem.rdchem.Mol object at 0x7a9502399bd0>,,,,,,,,,,,,,,,,,,,,,,
compound_0535,CNC(=O)Nc1ccc2nc(-c3ccco3)c(-c3ccco3)nc2c1,564,87.63842039590958,80.0,<rdkit.Chem.rdchem.Mol object at 0x7a9502399c40>,,,,,,,,,,,,,,,,,,,,,,
compound_2053,CC(Sc1nnc(-c2ccccc2)n1Cc1ccco1)C(N)=O,559,134.67587637477257,64.0,<rdkit.Chem.rdchem.Mol object at 0x7a9502399cb0>,,,,,,,,,,,,,,,,,,,,,,
compound_0531,CN1C(=O)NC(c2ccc(O)cc2)C2=C1CN(c1ccccc1)C2=O,557,49.496736546027584,113.04,<rdkit.Chem.rdchem.Mol object at 0x7a9502399d20>,,,,,,,,,,,,,,,,,,,,,,
compound_2628,Cn1cccc1C(=O)N1CCN(c2cccc(C(F)(F)F)c2)CC1,134,134.8737378110117,61.68115942028986,<rdkit.Chem.rdchem.Mol object at 0x7a9502399d90>,,,,,,,,,,,,,,,,,,,,,,
compound_2029,c1ccc(-c2cn3nc(N4CCCCC4)sc3n2)cc1,555,88.5655288064379,78.75,<rdkit.Chem.rdchem.Mol object at 0x7a9502399e00>,,,,,,,,,,,,,,,,,,,,,,
compound_2812,O=C(NC1COC2C(OCc3ccccc3)COC12)C1CCC1,553,68.31905001299198,105.25487256371812,<rdkit.Chem.rdchem.Mol object at 0x7a9502399e70>,,,,,,,,,,,,,,,,,,,,,,
compound_2697,COc1ccc(OC)c(NC(=O)C23CCC(C)(C(=O)O2)C3(C)C)c1,552,84.67936117125898,98.16071428571429,<rdkit.Chem.rdchem.Mol object at 0x7a9502399ee0>,,,,,,,,,,,,,,,,,,,,,,
compound_0902,Cc1cc2cc(CNS(=O)(=O)c3ccc(F)cc3)ccc2n1C,550,133.7621331900965,57.0,<rdkit.Chem.rdchem.Mol object at 0x7a9502399f50>,,,,,,,,,,,,,,,,,,,,,,
compound_2874,COc1ccc(CNC(=O)C23CCC(C2)C(C)(C)C3=O)cc1,548,77.47462696096807,87.012987012987,<rdkit.Chem.rdchem.Mol object at 0x7a9502399fc0>,,,,,,,,,,,,,,,,,,,,,,
compound_2932,O=C(Cn1cnc2ccccc21)Nc1ccc2ccccc2c1,132,160.91911212037903,76.0,<rdkit.Chem.rdchem.Mol object at 0x7a950239a030>,,,,,,,,,,,,,,,,,,,,,,
compound_0837,CCCn1c(=O)c2c(nc3n(CCC)c(C)cn23)n(C)c1=O,546,81.43074771457722,57.0,<rdkit.Chem.rdchem.Mol object at 0x7a950239a0a0>,,,,,,,,,,,,,,,,,,,,,,
compound_2229,CC1CN(C(=O)CSc2nnc(-c3cccs3)o2)CC(C)O1,129,133.7864159337089,67.87878787878788,<rdkit.Chem.rdchem.Mol object at 0x7a950239a110>,,,,,,,,,,,,,,,,,,,,,,
compound_1338,Cc1ccc2c(c1)N(CC(=O)N1CCCC1)C(=O)C(C)O2,531,83.28628640969059,73.39682539682539,<rdkit.Chem.rdchem.Mol object at 0x7a950239a180>,,,,,,,,,,,,,,,,,,,,,,
compound_1554,CC1CCCCN1C(=O)Cn1cc(C(=O)C2CC2)c2ccccc21,522,128.6939600385478,114.33333333333334,<rdkit.Chem.rdchem.Mol object at 0x7a950239a1f0>,,,,,,,,,,,,,,,,,,,,,,
compound_2035,Cc1ccc(NC(=O)C(Sc2nnnn2C)c2ccccc2)cc1,517,148.5504753799123,64.0,<rdkit.Chem.rdchem.Mol object at 0x7a950239a260>,,,,,,,,,,,,,,,,,,,,,,
compound_1871,CC1CCCC(C)N1C(=O)COc1ccc2ccc(=O)oc2c1,512,116.72965955278616,73.11705685618729,<rdkit.Chem.rdchem.Mol object at 0x7a950239a2d0>,,,,,,,,,,,,,,,,,,,,,,
compound_0697,O=c1c2cnn(-c3ccc(F)cc3)c2ncn1Cc1cccnc1,127,123.16550161891696,80.0,<rdkit.Chem.rdchem.Mol object at 0x7a950239a340>,,,,,,,,,,,,,,,,,,,,,,
compound_2690,CCC(C)Nc1ncnc2c1cnn2-c1cccc(C)c1,506,105.59813405112313,64.0,<rdkit.Chem.rdchem.Mol object at 0x7a950239a3b0>,,,,,,,,,,,,,,,,,,,,,,
compound_0546,c1ccc(-n2nnnc2-n2cnc3ccccc32)cc1,505,63.981007710803325,72.0,<rdkit.Chem.rdchem.Mol object at 0x7a950239a420>,,,,,,,,,,,,,,,,,,,,,,
compound_2176,COc1ccc(C2C=C(c3cccnc3)Nc3nnnn32)cc1,504,43.05543311561069,96.46859903381643,<rdkit.Chem.rdchem.Mol object at 0x7a950239a490>,,,,,,,,,,,,,,,,,,,,,,
compound_1501,Cc1c(Cl)c(C(=O)Nc2sc3c(c2C#N)CCC3)nn1C,24,90.67173583328362,57.78947368421052,<rdkit.Chem.rdchem.Mol object at 0x7a950239a500>,,,,,,,,,,,,,,,,,,,,,,
compound_2022,O=C(COc1ncnc2sccc12)N1CCCc2ccccc21,500,144.61642409024,80.01242236024845,<rdkit.Chem.rdchem.Mol object at 0x7a950239a570>,,,,,,,,,,,,,,,,,,,,,,
compound_0052,CC(NC(=O)Cn1nc(C(F)(F)F)cc1C1CC1)c1ccccc1,31,124.43844248688904,79.36458333333333,<rdkit.Chem.rdchem.Mol object at 0x7a950239a5e0>,,,,,,,,,,,,,,,,,,,,,,
compound_1182,COc1ccc(C2CC(=O)c3cnc(NC(=O)C4CC4)nc3C2)cc1,497,107.92391185282732,112.36615384615385,<rdkit.Chem.rdchem.Mol object at 0x7a950239a650>,,,,,,,,,,,,,,,,,,,,,,
compound_0885,CC(=O)Nc1cccc(NS(=O)(=O)c2ccc3c(c2)OCCO3)c1,495,153.44522954906583,56.526315789473685,<rdkit.Chem.rdchem.Mol object at 0x7a950239a6c0>,,,,,,,,,,,,,,,,,,,,,,
compound_1064,CC1Cc2ccccc2N1Cc1cc(=O)n2ccsc2n1,493,97.98979166816072,103.04761904761905,<rdkit.Chem.rdchem.Mol object at 0x7a950239a730>,,,,,,,,,,,,,,,,,,,,,,
compound_2924,CN(C)C(=O)c1cn(-c2ccccc2)nc1-c1cc2ccccc2o1,485,103.51790663469434,84.0,<rdkit.Chem.rdchem.Mol object at 0x7a950239a7a0>,,,,,,,,,,,,,,,,,,,,,,
compound_0468,Cc1ccc(NC(=O)C2CC(=O)Nc3ncnn32)cc1,483,66.59698439250002,66.6,<rdkit.Chem.rdchem.Mol object at 0x7a950239a810>,,,,,,,,,,,,,,,,,,,,,,
compound_0708,O=C(Nc1ccccc1Cl)NC1CC(=O)N(c2ccc(F)cc2)C1,481,144.4465857128382,71.61250000000001,<rdkit.Chem.rdchem.Mol object at 0x7a950239a880>,,,,,,,,,,,,,,,,,,,,,,
compound_2353,O=S(=O)(c1ccc(F)cc1)N1CCN(c2ccccc2F)CC1,480,133.3873752161454,59.00869565217391,<rdkit.Chem.rdchem.Mol object at 0x7a950239a8f0>,,,,,,,,,,,,,,,,,,,,,,
compound_0965,Cc1cccn2c(=O)c3cc(C(=O)NCC4CCCO4)n(C)c3nc12,479,117.0989404573971,115.06880000000001,<rdkit.Chem.rdchem.Mol object at 0x7a950239a960>,,,,,,,,,,,,,,,,,,,,,,
compound_1562,O=C(CSc1ncnc2[nH]cnc12)NCC1CCCO1,474,114.68325785623674,59.733333333333334,<rdkit.Chem.rdchem.Mol object at 0x7a950239a9d0>,,,,,,,,,,,,,,,,,,,,,,
compound_1773,COc1cccc2c1OC1(C)CC2NC(=O)N1c1ccc(F)c(F)c1,473,69.34129270461165,124.50782608695651,<rdkit.Chem.rdchem.Mol object at 0x7a950239aa40>,,,,,,,,,,,,,,,,,,,,,,
compound_1218,Cc1ccc2c(c1)N(CCCC(=O)NC1CCC(C)CC1)C(=O)CO2,33,133.03727488973627,56.95,<rdkit.Chem.rdchem.Mol object at 0x7a950239aab0>,,,,,,,,,,,,,,,,,,,,,,
compound_1938,O=C(NCc1cccnc1)c1cccc(S(=O)(=O)N2CCCC2)c1,61,177.77264358662714,55.37878787878788,<rdkit.Chem.rdchem.Mol object at 0x7a950239ab20>,,,,,,,,,,,,,,,,,,,,,,
compound_0217,CCOC(=O)C1CCN(c2ncnc3c2[nH]c2ccc(F)cc23)CC1,467,115.9634563157814,90.048,<rdkit.Chem.rdchem.Mol object at 0x7a950239ab90>,,,,,,,,,,,,,,,,,,,,,,
compound_1276,c1ccc(-c2nnc(-c3ccccn3)c(-c3ccccn3)n2)nc1,461,49.1233237339474,72.0,<rdkit.Chem.rdchem.Mol object at 0x7a950239ac00>,,,,,,,,,,,,,,,,,,,,,,
compound_0433,COc1ccc(NC(=O)Cn2cc(C(=O)C3CC3)c3ccccc32)cc1,460,164.9187792280364,87.91420118343196,<rdkit.Chem.rdchem.Mol object at 0x7a950239ac70>,,,,,,,,,,,,,,,,,,,,,,
compound_1499,CCOc1ccc(N2CC(C(=O)NC3CCCCC3)CC2=O)cc1,114,137.65562249559775,71.6,<rdkit.Chem.rdchem.Mol object at 0x7a950239ace0>,,,,,,,,,,,,,,,,,,,,,,
compound_0861,Cc1cccc(N2CCN(C(=O)c3ccc4c(c3)OCO4)CC2)c1C,455,148.6059635050785,90.22222222222223,<rdkit.Chem.rdchem.Mol object at 0x7a950239ad50>,,,,,,,,,,,,,,,,,,,,,,
compound_1847,c1ccc(-n2ncc3c(N4CCOCC4)ncnc32)cc1,453,100.8149437624705,77.41353383458647,<rdkit.Chem.rdchem.Mol object at 0x7a950239adc0>,,,,,,,,,,,,,,,,,,,,,,
compound_0494,O=C(OC1CCCCC1=O)c1ccc2c(c1)OCCO2,451,70.61832902687007,67.1590909090909,<rdkit.Chem.rdchem.Mol object at 0x7a950239ae30>,,,,,,,,,,,,,,,,,,,,,,
compound_2728,CC1CN(c2nc(NC3CCCCC3)c3cnn(C)c3n2)CC(C)O1,449,93.80846500591902,114.75483870967743,<rdkit.Chem.rdchem.Mol object at 0x7a950239aea0>,,,,,,,,,,,,,,,,,,,,,,
compound_0111,CC(NC(=O)Cn1nc(C(F)(F)F)cc1C1CC1)C(C)(C)C,31,81.07500623443448,56.83216783216783,<rdkit.Chem.rdchem.Mol object at 0x7a950239af10>,,,,,,,,,,,,,,,,,,,,,,
compound_1628,CCOc1ccc(C(=O)C(C)n2cnc3c(=O)[nH]c(=O)n(C)c32)cc1,447,89.92027579547867,76.0,<rdkit.Chem.rdchem.Mol object at 0x7a950239af80>,,,,,,,,,,,,,,,,,,,,,,
compound_2400,COC(=O)c1cn(NC(=O)C2CCC(C)CC2)c(=O)c2ccccc12,437,90.88972045393662,60.08,<rdkit.Chem.rdchem.Mol object at 0x7a950239aff0>,,,,,,,,,,,,,,,,,,,,,,
compound_2426,COc1ccc(-c2cc(C(F)(F)F)n(-c3cc(C)nc(N)n3)n2)cc1,431,73.372030132582,60.0,<rdkit.Chem.rdchem.Mol object at 0x7a950239b060>,,,,,,,,,,,,,,,,,,,,,,
compound_1651,O=C(NCCc1nc2ccccc2[nH]1)c1nc(-c2cccs2)no1,430,147.299830484992,76.0,<rdkit.Chem.rdchem.Mol object at 0x7a950239b0d0>,,,,,,,,,,,,,,,,,,,,,,
compound_2577,O=C(COc1ccc2c(c1)CCC2)Nc1nnc(C2CC2)s1,429,158.919362665286,83.20948616600789,<rdkit.Chem.rdchem.Mol object at 0x7a950239b140>,,,,,,,,,,,,,,,,,,,,,,
compound_1817,O=C(Nc1ccccc1N1CCCCC1)c1ccc2c(c1)OCCO2,108,160.90972201066438,83.88148148148147,<rdkit.Chem.rdchem.Mol object at 0x7a950239b1b0>,,,,,,,,,,,,,,,,,,,,,,
compound_0259,Cn1nnnc1SCC(=O)C12CC3CC(CC(C3)C1)C2,419,60.74365901664661,116.3076923076923,<rdkit.Chem.rdchem.Mol object at 0x7a950239b220>,,,,,,,,,,,,,,,,,,,,,,
compound_1854,O=C(COC(=O)c1ccc2c(c1)OCO2)Nc1ccc2c(c1)OCO2,30,161.28222005943988,82.72,<rdkit.Chem.rdchem.Mol object at 0x7a950239b290>,,,,,,,,,,,,,,,,,,,,,,
compound_0924,Cn1c(CS(=O)(=O)c2ccc(Cl)cc2)c(C#N)c2ccccc21,416,89.65846967826229,57.0,<rdkit.Chem.rdchem.Mol object at 0x7a950239b300>,,,,,,,,,,,,,,,,,,,,,,
compound_2354,CN(Cc1ccco1)C(=O)C1CCC(=O)N1Cc1ccc(F)cc1,413,108.16374270486924,71.1875,<rdkit.Chem.rdchem.Mol object at 0x7a950239b370>,,,,,,,,,,,,,,,,,,,,,,
compound_0943,COC(=O)Nc1ccc(S(=O)(=O)NCC2CC3C=CC2C3)cc1,412,90.956580835974,77.44423440453687,<rdkit.Chem.rdchem.Mol object at 0x7a950239b3e0>,,,,,,,,,,,,,,,,,,,,,,
compound_1832,Cc1nc(NCC2CCCO2)c2nnn(Cc3ccccc3)c2n1,411,118.71684492431312,99.4861111111111,<rdkit.Chem.rdchem.Mol object at 0x7a950239b450>,,,,,,,,,,,,,,,,,,,,,,
compound_1600,Cc1c(-c2ccccc2)noc1-n1nnc2ccccc2c1=O,410,56.13691067843553,80.0,<rdkit.Chem.rdchem.Mol object at 0x7a950239b4c0>,,,,,,,,,,,,,,,,,,,,,,
compound_0507,CCOc1ccc(S(=O)(=O)n2cc(C)nc2CC)c2ccccc12,409,108.9111021629302,57.0,<rdkit.Chem.rdchem.Mol object at 0x7a950239b530>,,,,,,,,,,,,,,,,,,,,,,
compound_0853,Cc1ccc2cnn(CC(=O)N3CCc4ccccc4C3)c2c1,406,123.99827347349544,84.13043478260869,<rdkit.Chem.rdchem.Mol object at 0x7a950239b5a0>,,,,,,,,,,,,,,,,,,,,,,
compound_2238,O=C(COC(=O)c1ccc(-c2ccccc2)cc1)NCC1CCCO1,405,152.4458723083482,63.69230769230769,<rdkit.Chem.rdchem.Mol object at 0x7a950239b610>,,,,,,,,,,,,,,,,,,,,,,
compound_0613,Cc1ccc(C(O)c2cnc(C)n2Cc2ccccc2)cc1,403,75.98805695208786,64.0,<rdkit.Chem.rdchem.Mol object at 0x7a950239b680>,,,,,,,,,,,,,,,,,,,,,,
compound_2041,Cc1nn(C(=O)CCC(=O)N2CCCCC2)c2c1C1C(C2)C1(C)C,402,46.18335706469959,130.36363636363637,<rdkit.Chem.rdchem.Mol object at 0x7a950239b6f0>,,,,,,,,,,,,,,,,,,,,,,
compound_0101,Cc1nnc2sc(-c3cccc(NC(=O)c4cccnc4)c3)nn12,396,153.0131241111652,80.0,<rdkit.Chem.rdchem.Mol object at 0x7a950239b760>,,,,,,,,,,,,,,,,,,,,,,
compound_0175,CS(=O)(=O)N1CCN(C(=O)COc2ccc3ccccc3c2)CC1,394,153.53801531531212,58.434782608695656,<rdkit.Chem.rdchem.Mol object at 0x7a950239b7d0>,,,,,,,,,,,,,,,,,,,,,,
compound_2064,CN(C(=O)COc1ncnc2sc3c(c12)CCC3)C1CCCCC1,100,138.00735829220577,89.3103448275862,<rdkit.Chem.rdchem.Mol object at 0x7a950239b840>,,,,,,,,,,,,,,,,,,,,,,
compound_2444,CC(=O)Nc1ccc(NC(=O)C23CC4CC(CC(C4)C2)C3)cc1,391,78.27670050838354,122.1159420289855,<rdkit.Chem.rdchem.Mol object at 0x7a950239b8b0>,,,,,,,,,,,,,,,,,,,,,,
compound_2567,COc1ccccc1C1C(C(=O)OC(C)C)=C(C)Nc2ncnn21,389,101.83860417796666,73.1086956521739,<rdkit.Chem.rdchem.Mol object at 0x7a950239b920>,,,,,,,,,,,,,,,,,,,,,,
compound_1530,CCc1cccc(NC(=O)CN2C(=O)c3ccccc3S2(=O)=O)c1,98,120.0017063761988,57.0,<rdkit.Chem.rdchem.Mol object at 0x7a950239b990>,,,,,,,,,,,,,,,,,,,,,,
compound_0694,c1ccc(-n2ncc3c(Nn4cnnc4)ncnc32)cc1,385,79.18557915947844,72.0,<rdkit.Chem.rdchem.Mol object at 0x7a950239ba00>,,,,,,,,,,,,,,,,,,,,,,
compound_1828,CCC1CCc2c(sc(NC(=O)c3cccnc3)c2C#N)C1,384,123.47619992083612,68.300395256917,<rdkit.Chem.rdchem.Mol object at 0x7a950239ba70>,,,,,,,,,,,,,,,,,,,,,,
compound_2154,Cc1ccc(C(=O)N2CCC(c3nc(-c4ccccc4)no3)CC2)cc1,382,149.3554889820844,85.98290598290598,<rdkit.Chem.rdchem.Mol object at 0x7a950239bae0>,,,,,,,,,,,,,,,,,,,,,,
compound_1177,COC(=O)C1=C(C)Nc2ncnn2C1c1cccc(Br)c1,376,100.8056677525985,69.33333333333333,<rdkit.Chem.rdchem.Mol object at 0x7a950239bb50>,,,,,,,,,,,,,,,,,,,,,,
compound_2174,O=S(=O)(c1cccc2cccnc12)N1CCC(n2cccc2)CC1,372,109.57931824081862,90.84782608695653,<rdkit.Chem.rdchem.Mol object at 0x7a950239bbc0>,,,,,,,,,,,,,,,,,,,,,,
compound_0620,CCC(c1nc2c3cnn(C)c3ncn2n1)n1nc(C)c(Cl)c1C,371,57.44372022022443,115.0,<rdkit.Chem.rdchem.Mol object at 0x7a950239bc30>,,,,,,,,,,,,,,,,,,,,,,
compound_2179,Cc1nc(-c2c(-c3ccc(O)cc3O)n[nH]c2C(F)(F)F)cs1,364,41.8364441858517,60.0,<rdkit.Chem.rdchem.Mol object at 0x7a950239bca0>,,,,,,,,,,,,,,,,,,,,,,
compound_0897,O=C(Nc1nnc(C2CC2)s1)c1ccc2c(c1)OCO2,363,129.76574451257784,81.81176470588235,<rdkit.Chem.rdchem.Mol object at 0x7a950239bd10>,,,,,,,,,,,,,,,,,,,,,,
compound_2102,Cc1ccc(S(=O)(=O)n2ccn3c(=O)cc(C)nc23)cc1,361,63.491922604918,57.0,<rdkit.Chem.rdchem.Mol object at 0x7a950239bd80>,,,,,,,,,,,,,,,,,,,,,,
compound_0912,O=S(=O)(c1ccccc1)N1CCCC1c1cccnc1,360,83.34829513612245,69.05263157894737,<rdkit.Chem.rdchem.Mol object at 0x7a950239bdf0>,,,,,,,,,,,,,,,,,,,,,,
compound_1689,CCC(=O)N1CCc2cc(S(=O)(=O)N3CCCCCC3)ccc21,354,150.54857739052423,61.8840579710145,<rdkit.Chem.rdchem.Mol object at 0x7a950239be60>,,,,,,,,,,,,,,,,,,,,,,
compound_2485,CC(Oc1cccc(Cl)c1)c1ccnc2nc(N)nn12,352,94.99556747382792,64.0,<rdkit.Chem.rdchem.Mol object at 0x7a950239bed0>,,,,,,,,,,,,,,,,,,,,,,
compound_2727,O=C(c1cccc(S(=O)(=O)NCc2ccccc2)c1)N1CCCC1,342,170.41137417133095,55.43478260869565,<rdkit.Chem.rdchem.Mol object at 0x7a950239bf40>,,,,,,,,,,,,,,,,,,,,,,
compound_1035,CCC(C(=O)Nc1cc(C)on1)c1nc2ccccc2o1,338,88.13456884675253,64.0,<rdkit.Chem.rdchem.Mol object at 0x7a94efe28040>,,,,,,,,,,,,,,,,,,,,,,
compound_0142,COc1ccc2nc(Nc3ncc4c(n3)CCCC4=O)nc(C)c2c1,336,109.97043119306836,87.94434782608695,<rdkit.Chem.rdchem.Mol object at 0x7a94efe280b0>,,,,,,,,,,,,,,,,,,,,,,
compound_1351,Cc1cc(C(F)F)n2ncc(C(=O)N3CCC(C(N)=O)CC3)c2n1,335,112.55595141551784,62.39772727272727,<rdkit.Chem.rdchem.Mol object at 0x7a94efe28120>,,,,,,,,,,,,,,,,,,,,,,
compound_0426,COc1cc(C(=O)NC2CCCc3ccccc32)cc(OC)c1OC,334,119.14941199119082,72.02962962962964,<rdkit.Chem.rdchem.Mol object at 0x7a94efe28190>,,,,,,,,,,,,,,,,,,,,,,
compound_0220,N#Cc1c(NC(=O)c2noc3c2CCCC3)sc2c1CCC2,24,117.27305576464052,88.85375494071147,<rdkit.Chem.rdchem.Mol object at 0x7a94efe28200>,,,,,,,,,,,,,,,,,,,,,,
compound_0527,O=c1c(-c2cscn2)c(C(F)(F)F)oc2cc(O)ccc12,329,44.69104154812897,57.0,<rdkit.Chem.rdchem.Mol object at 0x7a94efe28270>,,,,,,,,,,,,,,,,,,,,,,
compound_2846,Cc1ccccc1C(=O)Nc1nnc(-c2ccc3c(c2)OCCO3)o1,324,145.70212211560468,82.74285714285713,<rdkit.Chem.rdchem.Mol object at 0x7a94efe282e0>,,,,,,,,,,,,,,,,,,,,,,
compound_0955,COc1ccccc1NC(=O)C1C(=O)CN(c2ccccc2)C1=O,319,59.28270031347548,70.42857142857143,<rdkit.Chem.rdchem.Mol object at 0x7a94efe28350>,,,,,,,,,,,,,,,,,,,,,,
compound_1627,Cc1ccc(S(=O)(=O)N2CCc3cccc4c3C2CC(=O)N4)cc1,318,30.51490620848486,121.0,<rdkit.Chem.rdchem.Mol object at 0x7a94efe283c0>,,,,,,,,,,,,,,,,,,,,,,
compound_0899,Nn1c(SCc2cccc3ccccc23)nnc1-c1ccncc1,313,157.58094937199792,76.0,<rdkit.Chem.rdchem.Mol object at 0x7a94efe28430>,,,,,,,,,,,,,,,,,,,,,,
compound_1061,CC1=C(C(=O)OCC2CCCO2)C(c2ccccc2F)NC(=O)N1,82,79.04527930540483,73.01736111111111,<rdkit.Chem.rdchem.Mol object at 0x7a94efe284a0>,,,,,,,,,,,,,,,,,,,,,,
compound_0618,CC(NC(=O)c1cccnc1)C12CC3CC(CC(C3)C1)C2,310,79.45650217374968,138.0,<rdkit.Chem.rdchem.Mol object at 0x7a94efe28510>,,,,,,,,,,,,,,,,,,,,,,
compound_2925,O=C(C1CCN(S(=O)(=O)c2ccccc2)CC1)N1CCOCC1,309,137.24009949966836,59.514782608695654,<rdkit.Chem.rdchem.Mol object at 0x7a94efe28580>,,,,,,,,,,,,,,,,,,,,,,
compound_1466,Cc1cccc(NC(=O)C2C(=O)NC3(C)CC2c2ccccc2O3)c1,306,77.3988709272913,120.66153846153846,<rdkit.Chem.rdchem.Mol object at 0x7a94efe285f0>,,,,,,,,,,,,,,,,,,,,,,
compound_0338,COc1ccc2c(c1)[nH]c1c(N3CCCC3)ncnc12,22,81.36685769241929,81.7,<rdkit.Chem.rdchem.Mol object at 0x7a94efe28660>,,,,,,,,,,,,,,,,,,,,,,
compound_0375,CC(C)OCCCNc1ncc2c(n1)CC(c1cccs1)CC2=O,295,114.2165983219334,66.66666666666667,<rdkit.Chem.rdchem.Mol object at 0x7a94efe286d0>,,,,,,,,,,,,,,,,,,,,,,
compound_0982,CC(=O)Nc1cccc(NC(=O)C2CC(=O)N(C3CCCCC3)C2)c1,294,124.08680158031974,76.01931034482759,<rdkit.Chem.rdchem.Mol object at 0x7a94efe28740>,,,,,,,,,,,,,,,,,,,,,,
compound_2598,Cc1ccc(S(=O)(=O)N2C(=O)CCC2C(=O)N2CCCC2)cc1,293,82.32074696659285,83.71014492753623,<rdkit.Chem.rdchem.Mol object at 0x7a94efe287b0>,,,,,,,,,,,,,,,,,,,,,,
compound_0772,CC1CCc2onc(-c3nnc(-c4cccs4)o3)c2C1,77,61.58282110533803,100.6,<rdkit.Chem.rdchem.Mol object at 0x7a94efe28820>,,,,,,,,,,,,,,,,,,,,,,
compound_0581,CCn1c(SCC(=O)N2CCCC(C)C2)nnc1-c1ccncc1,291,163.44454042358888,68.35897435897436,<rdkit.Chem.rdchem.Mol object at 0x7a94efe28890>,,,,,,,,,,,,,,,,,,,,,,
compound_0289,Cc1ccccc1Cn1cc(NC(=O)c2noc3c2CCCC3)cn1,290,165.6243123005495,84.864,<rdkit.Chem.rdchem.Mol object at 0x7a94efe28900>,,,,,,,,,,,,,,,,,,,,,,
compound_0369,CC1=C(C(=O)N2CCOCC2)C(c2cccs2)NC(=O)N1,289,49.73019343698428,69.33333333333333,<rdkit.Chem.rdchem.Mol object at 0x7a94efe28970>,,,,,,,,,,,,,,,,,,,,,,
compound_1094,CCn1cc(NC(=O)c2noc3c2CCCC3)c(C(=O)OC)n1,288,100.68614909683436,55.03162055335968,<rdkit.Chem.rdchem.Mol object at 0x7a94efe289e0>,,,,,,,,,,,,,,,,,,,,,,
compound_1128,O=C(CCn1nc(C(F)(F)F)cc1C1CC1)NC1CCCCC1,286,105.74956970159351,62.04968944099379,<rdkit.Chem.rdchem.Mol object at 0x7a94efe28a50>,,,,,,,,,,,,,,,,,,,,,,
compound_2948,CC12CCC(C(=O)NC3CCCCC3)(CC1=O)C2(C)C,284,41.10902877426355,97.3875,<rdkit.Chem.rdchem.Mol object at 0x7a94efe28ac0>,,,,,,,,,,,,,,,,,,,,,,
compound_0639,COC(=O)C(C)n1cnc2scc(-c3ccc(Cl)cc3)c2c1=O,283,102.44560613221718,72.0,<rdkit.Chem.rdchem.Mol object at 0x7a94efe28b30>,,,,,,,,,,,,,,,,,,,,,,
compound_1249,O=C(NCc1ccco1)c1cc(-c2cccnc2)nc2ccccc12,280,154.667421943823,76.0,<rdkit.Chem.rdchem.Mol object at 0x7a94efe28ba0>,,,,,,,,,,,,,,,,,,,,,,
compound_0047,O=C(NCc1ccc(F)cc1)C1CCC(=O)N1C1CCCC1,274,74.21383407266437,71.60839160839161,<rdkit.Chem.rdchem.Mol object at 0x7a94efe28c10>,,,,,,,,,,,,,,,,,,,,,,
compound_1909,Cc1ccc(CCN2CC(C(=O)NCc3ccco3)CC2=O)cc1,74,159.88958513687604,66.92307692307692,<rdkit.Chem.rdchem.Mol object at 0x7a94efe28c80>,,,,,,,,,,,,,,,,,,,,,,
compound_0709,N#Cc1c2c(c(NCCCO)n3c1nc1ccccc13)CCC2,268,85.04929052911733,83.91304347826086,<rdkit.Chem.rdchem.Mol object at 0x7a94efe28cf0>,,,,,,,,,,,,,,,,,,,,,,
compound_0611,Nc1nc2c(ncn2S(=O)(=O)c2ccc(Cl)cc2)c(=O)[nH]1,267,55.86383308031809,57.0,<rdkit.Chem.rdchem.Mol object at 0x7a94efe28d60>,,,,,,,,,,,,,,,,,,,,,,
compound_1239,CC(Oc1cccc(Cl)c1)c1nc(-c2ccncc2)no1,72,122.6787945702041,60.0,<rdkit.Chem.rdchem.Mol object at 0x7a94efe28dd0>,,,,,,,,,,,,,,,,,,,,,,
compound_2378,CCOc1ccccc1NC(=O)C1(C)Cc2ccccc2C(=O)O1,254,101.42181560154071,74.375,<rdkit.Chem.rdchem.Mol object at 0x7a94efe28e40>,,,,,,,,,,,,,,,,,,,,,,
compound_0729,Cc1ncc(-c2nnnn2-c2ccccc2)c(-c2cccc(F)c2)n1,253,84.4091090643248,80.0,<rdkit.Chem.rdchem.Mol object at 0x7a94efe28eb0>,,,,,,,,,,,,,,,,,,,,,,
compound_1821,CC1CCN(C(=O)CCCOc2cc(=O)n(C)c3ccccc23)CC1,252,143.46984984543258,55.53333333333333,<rdkit.Chem.rdchem.Mol object at 0x7a94efe28f20>,,,,,,,,,,,,,,,,,,,,,,
compound_2746,O=C(CCc1c[nH]c2ccccc12)Nc1ccccc1C(=O)NC1CC1,70,184.70405168215703,83.72781065088758,<rdkit.Chem.rdchem.Mol object at 0x7a94efe28f90>,,,,,,,,,,,,,,,,,,,,,,
compound_2656,Cc1ccc(CNC(=O)C2(S(=O)(=O)c3ccc(C)cc3)CC2)cc1,69,96.89266642022906,63.8,<rdkit.Chem.rdchem.Mol object at 0x7a94efe29000>,,,,,,,,,,,,,,,,,,,,,,
compound_2054,COC(=O)c1ccn(-c2nc(-c3ccco3)cc(C(F)(F)F)n2)n1,248,90.18208977117426,57.0,<rdkit.Chem.rdchem.Mol object at 0x7a94efe29070>,,,,,,,,,,,,,,,,,,,,,,
compound_1970,CC(=O)N1CCc2cc(S(=O)(=O)Nc3c(C)cccc3C)ccc21,240,144.3657428344154,62.608695652173914,<rdkit.Chem.rdchem.Mol object at 0x7a94efe290e0>,,,,,,,,,,,,,,,,,,,,,,
compound_1658,O=C(NCC1CCCO1)c1cccc(-c2ccc(O)cc2)c1,68,113.31311449114762,64.26877470355731,<rdkit.Chem.rdchem.Mol object at 0x7a94efe29150>,,,,,,,,,,,,,,,,,,,,,,
